"ligand","receptor","pathway","sender","receiver","score_healing","score_nonhealing","delta"
"IL1B","IL1R1","IL1","Myeloid","Fibroblast",1.82754632014158,0.863619052708493,0.963927267433083
"IL1B","IL1R1","IL1","Myeloid","Smooth_Muscle",0.686922632336329,0.175183111835514,0.511739520500814
"IL1B","IL1R1","IL1","Myeloid","Pericyte",0.835138393138578,0.355958149455574,0.479180243683004
"IL1B","IL1R1","IL1","Myeloid","Melanocyte",0.510625539482897,0.0330888142340517,0.477536725248845
"IL1B","IL1R1","IL1","Macrophage","Fibroblast",0.57037252048906,0.160034306396063,0.410338214092997
"IL1B","IL1R1","IL1","Myeloid","Keratinocyte",0.516918952509845,0.138840763366431,0.378078189143414
"VEGFA","KDR","VEGF","Myeloid","Endothelial",0.707109287088316,0.384782663621401,0.322326623466915
"TNF","TNFRSF1A","TNF","T_cell","Macrophage",0.316037670796365,0.615285755592297,-0.299248084795932
"PDGFA","PDGFRA","PDGF","Melanocyte","Fibroblast",0.375228215131918,0.085718434901103,0.289509780230815
"IL1B","IL1R1","IL1","Myeloid","Lymphatic_Endo",0.416736993664239,0.137358643971378,0.27937834969286
"VEGFA","KDR","VEGF","Macrophage","Endothelial",0.417900930645797,0.182451426236929,0.235449504408868
"IL1B","IL1R1","IL1","Myeloid","Macrophage",0.24170148544444,0.0323869995120633,0.209314485932377
"IL1B","IL1R1","IL1","Macrophage","Pericyte",0.260644551113065,0.065961392787124,0.19468315832594
"TGFB1","TGFBR1","TGFb","Lymphatic_Endo","Fibroblast",0.273908632872739,0.0863785764252959,0.187530056447443
"IL1B","IL1R1","IL1","Macrophage","Smooth_Muscle",0.214386792207981,0.0324625860290782,0.181924206178902
"VEGFA","KDR","VEGF","Macrophage","Lymphatic_Endo",0.475321845515415,0.299560820520767,0.175761024994649
"VEGFA","KDR","VEGF","Myeloid","Lymphatic_Endo",0.80426834848277,0.631761630007268,0.172506718475502
"IL1B","IL1R1","IL1","Myeloid","Endothelial",0.85330729223771,0.682002986927233,0.171304305310477
"IL1B","IL1R1","IL1","Macrophage","Melanocyte",0.159364921573306,0,0.159364921573306
"PDGFA","PDGFRA","PDGF","Pericyte","Fibroblast",0.574014137820704,0.415102933594623,0.158911204226081
"TNF","TNFRSF1A","TNF","T_cell","Fibroblast",0.400840364118404,0.548448995638189,-0.147608631519786
"TGFB1","TGFBR1","TGFb","T_cell","Macrophage",0.0907119036394504,0.237977209162046,-0.147265305522596
"TGFB1","TGFBR1","TGFb","Macrophage","Macrophage",0.0613989853653607,0.207714275970617,-0.146315290605257
"IL1B","IL1R1","IL1","Macrophage","Endothelial",0.266315017934874,0.126379651572814,0.139935366362061
"IL1B","IL1R1","IL1","Myeloid","Myeloid",0.491026906630928,0.353430389937998,0.13759651669293
"IL1B","IL1R1","IL1","Macrophage","Keratinocyte",0.161329079642022,0.0257281091647554,0.135600970477267
"TGFB1","TGFBR1","TGFb","Lymphatic_Endo","Keratinocyte",0.160976171906154,0.0282107263064334,0.132765445599721
"TGFB1","TGFBR1","TGFb","Melanocyte","Fibroblast",0.129110904448773,0,0.129110904448773
"TNF","TNFRSF1A","TNF","Myeloid","Macrophage",0.300750210105505,0.425683558202999,-0.124933348097494
"TNF","TNFRSF1A","TNF","Myeloid","Smooth_Muscle",0.325326228814262,0.204631584579187,0.120694644235075
"VEGFA","KDR","VEGF","Keratinocyte","Endothelial",0.166838672148846,0.052440076504946,0.1143985956439
"TGFB1","TGFBR1","TGFb","Myeloid","Macrophage",0.0710886645628348,0.184949794896176,-0.113861130333342
"TNF","TNFRSF1A","TNF","T_cell","Endothelial",0.320274770470586,0.432702388073949,-0.112427617603363
"TGFB1","TGFBR1","TGFb","Lymphatic_Endo","Melanocyte",0.179966512628806,0.0724909080954509,0.107475604533355
"IL1B","IL1R1","IL1","Macrophage","Lymphatic_Endo",0.130062547163725,0.0254534626656542,0.10460908449807
"VEGFA","KDR","VEGF","Smooth_Muscle","Lymphatic_Endo",0.103264562166513,0.207239274707989,-0.103974712541476
"CCL2","CCR2","CCL","Macrophage","Macrophage",0.121268205984802,0.0173903292860055,0.103877876698797
"VEGFA","KDR","VEGF","Keratinocyte","Lymphatic_Endo",0.189762835480128,0.0860995864488004,0.103663249031327
"TNF","TNFRSF1A","TNF","T_cell","Pericyte",0.439457237240633,0.542855539113881,-0.103398301873248
"CCL2","CCR2","CCL","Macrophage","Myeloid",0.142844559418487,0.241440015551298,-0.0985954561328106
"TNF","TNFRSF1A","TNF","Myeloid","Melanocyte",0.215873121665608,0.123428817750543,0.0924443039150646
"TNF","TNFRSF1A","TNF","Macrophage","Smooth_Muscle",0.204635799817829,0.112658393118041,0.0919774066997873
"IL1B","IL1R1","IL1","Macrophage","Myeloid",0.153248238513228,0.065492982276885,0.0877552562363431
"CCL2","CCR2","CCL","Fibroblast","Macrophage",0.0851166679846317,0,0.0851166679846317
"TGFB1","TGFBR1","TGFb","Melanocyte","Melanocyte",0.0848298900706507,0,0.0848298900706507
"HGF","MET","HGF","Melanocyte","Endothelial",0.0846442854834992,0,0.0846442854834992
"PDGFA","PDGFRA","PDGF","Fibroblast","Fibroblast",0.211767009150118,0.127909712794363,0.0838572963557544
"PDGFA","PDGFRA","PDGF","Smooth_Muscle","Keratinocyte",0.0832768982922665,0,0.0832768982922665
"PDGFA","PDGFRA","PDGF","Pericyte","Keratinocyte",0.0817508296211675,0,0.0817508296211675
"TNF","TNFRSF1A","TNF","T_cell","Lymphatic_Endo",0.239354290789024,0.320802933912407,-0.0814486431233839
"TNF","TNFRSF1A","TNF","T_cell","Keratinocyte",0.238354448896305,0.316667683938862,-0.0783132350425575
"VEGFA","KDR","VEGF","Fibroblast","Endothelial",0.181786450958373,0.10389938499288,0.0778870659654927
"TNF","TNFRSF1A","TNF","Mast_cell","Smooth_Muscle",0.17956516162619,0.102398451245321,0.0771667103808692
"TGFB1","TGFBR1","TGFb","Melanocyte","Keratinocyte",0.0758785107702726,0,0.0758785107702726
"IL1B","IL1R1","IL1","Macrophage","Macrophage",0.075434413858367,0,0.075434413858367
"CCL2","CCR2","CCL","Pericyte","Macrophage",0.0753795691035919,0,0.0753795691035919
"CCL2","CCR2","CCL","Macrophage","T_cell",0.0442647535430227,0.11912704244375,-0.0748622889007276
"TGFB1","TGFBR1","TGFb","T_cell","Keratinocyte",0.128049763897175,0.0547873262913955,0.0732624376057799
"PDGFA","PDGFRA","PDGF","Keratinocyte","Fibroblast",0.16935700597977,0.0968147928832405,0.0725422130965294
"CCL2","CCR2","CCL","Smooth_Muscle","Macrophage",0.0824022274919989,0.0113731110903604,0.0710291164016385
"CCL2","CCR2","CCL","Endothelial","Macrophage",0.0704341581073225,0,0.0704341581073225
"IL6","IL6R","IL6","Myeloid","Myeloid",0.0826257440586847,0.0128103388652528,0.0698154051934319
"TNF","TNFRSF1A","TNF","Macrophage","Melanocyte",0.135787910714184,0.0679528153038116,0.0678350954103719
"PDGFA","PDGFRA","PDGF","Endothelial","Fibroblast",0.106387562556193,0.0416040136744579,0.0647835488817355
"TGFB1","TGFBR1","TGFb","Endothelial","Fibroblast",0.128021103818873,0.0653514566952882,0.0626696471235852
"TGFB1","TGFBR1","TGFb","Fibroblast","Fibroblast",0.115777743199239,0.054747404787753,0.0610303384114862
"CCL2","CCR2","CCL","Smooth_Muscle","Myeloid",0.0970634453244215,0.157899489616506,-0.0608360442920844
"IL6","IL6R","IL6","Fibroblast","Myeloid",0.092289478125792,0.0330862148919473,0.0592032632338447
"CCL2","CCR2","CCL","Lymphatic_Endo","Macrophage",0.0589977993397942,0,0.0589977993397942
"TGFB1","TGFBR1","TGFb","Myeloid","Keratinocyte",0.100349417748055,0.0425793074731105,0.0577701102749442
"TGFB1","TGFBR1","TGFb","Lymphatic_Endo","Pericyte",0.0968622775369648,0.0392779479280213,0.0575843296089436
"TNF","TNFRSF1A","TNF","Mast_cell","Melanocyte",0.119152065063792,0.0617642667562185,0.0573877983075734
"TNF","TNFRSF1A","TNF","Macrophage","Pericyte",0.263054807070381,0.206768879368797,0.0562859277015843
"TGFB1","TGFBR1","TGFb","Mast_cell","Fibroblast",0.116960305223935,0.0613333641548151,0.0556269410691203
"TGFB1","TGFBR1","TGFb","Lymphatic_Endo","Smooth_Muscle",0.0892203308757763,0.0336647738279785,0.0555555570477978
"TGFB1","TGFBR1","TGFb","Endothelial","Keratinocyte",0.0752380346680691,0.0213433947959533,0.0538946398721159
"PDGFA","PDGFRA","PDGF","Melanocyte","Keratinocyte",0.0534398298982068,0,0.0534398298982068
"IL6","IL6R","IL6","Melanocyte","Myeloid",0.0534036715989126,0,0.0534036715989126
"TGFB1","TGFBR1","TGFb","Keratinocyte","Fibroblast",0.0736776337790078,0.0208139657186879,0.05286366806032
"VEGFA","KDR","VEGF","Lymphatic_Endo","Endothelial",0.0717236263685155,0.019434690560589,0.0522889358079265
"IL1B","IL1R1","IL1","Mast_cell","Fibroblast",0.0521116971906009,0,0.0521116971906009
"FGF2","FGFR1","FGF","Fibroblast","Macrophage",0.0124023475593894,0.0639946488484339,-0.0515923012890445
"VEGFA","KDR","VEGF","Mast_cell","Lymphatic_Endo",0.0370956190013509,0.0886017549215445,-0.0515061359201936
"PDGFA","PDGFRA","PDGF","Smooth_Muscle","Fibroblast",0.584729441831138,0.534038040281573,0.0506914015495653
"TGFB1","TGFBR1","TGFb","Fibroblast","Keratinocyte",0.0680426085760008,0.017880174880985,0.0501624336950157
"TGFB1","TGFBR1","TGFb","T_cell","Fibroblast",0.217882779503539,0.167753612572524,0.0501291669310152
"VEGFA","KDR","VEGF","Lymphatic_Endo","Lymphatic_Endo",0.0815786803821126,0.0319091605419244,0.0496695198401883
"TGFB1","TGFBR1","TGFb","Mast_cell","Keratinocyte",0.068737600573079,0.0200311098102052,0.0487064907628738
"TNF","TNFRSF1A","TNF","T_cell","Melanocyte",0.22684618752155,0.178404807815694,0.0484413797058559
"TGFB1","TGFBR1","TGFb","Pericyte","Fibroblast",0.0946236605172687,0.0463559187692671,0.0482677417480016
"CCL2","CCR2","CCL","Smooth_Muscle","T_cell",0.0300780757966069,0.077907960527759,-0.0478298847311521
"FGF2","FGFR1","FGF","Endothelial","Macrophage",0.0160608547664301,0.0635626797838343,-0.0475018250174042
"TGFB1","TGFBR1","TGFb","Lymphatic_Endo","Endothelial",0.0859443452648331,0.0388470476819523,0.0470972975828808
"TNF","TNFRSF1A","TNF","Mast_cell","Macrophage",0.166000326145047,0.213013729870799,-0.0470134037257526
"TNF","TNFRSF1A","TNF","T_cell","Smooth_Muscle",0.3418629152989,0.295775809776078,0.0460871055228227
"TGFB1","TGFBR1","TGFb","Melanocyte","Pericyte",0.0456574739123905,0,0.0456574739123905
"TNF","TNFRSF1A","TNF","Macrophage","Macrophage",0.1891770608679,0.234356908991056,-0.0451798481231564
"TGFB1","TGFBR1","TGFb","Smooth_Muscle","Fibroblast",0.0864269476647491,0.0417627151656748,0.0446642324990743
"CCL2","CCR2","CCL","Keratinocyte","Myeloid",0.0384040922557361,0.0829295166718316,-0.0445254244160955
"TGFB1","TGFBR1","TGFb","Melanocyte","Myeloid",0.0439449863673987,0,0.0439449863673987
"TGFB1","TGFBR1","TGFb","Keratinocyte","Keratinocyte",0.0433003637616587,0,0.0433003637616587
"TGFB1","TGFBR1","TGFb","Lymphatic_Endo","Myeloid",0.0932292372119596,0.0501839554963326,0.043045281715627
"TNF","TNFRSF1A","TNF","Mast_cell","Pericyte",0.230827054651187,0.187938176882311,0.0428888777688758
"TNF","TNFRSF1A","TNF","Myeloid","Pericyte",0.418199691509767,0.375572935631759,0.0426267558780077
"TGFB1","TGFBR1","TGFb","Melanocyte","Smooth_Muscle",0.0420553287925842,0,0.0420553287925842
"IL6","IL6R","IL6","Macrophage","Myeloid",0.0417770772964268,0,0.0417770772964268
"IL1B","IL1R1","IL1","Myeloid","Mast_cell",0.0667416173991162,0.0252008468739281,0.0415407705251881
"TGFB1","TGFBR1","TGFb","Melanocyte","T_cell",0.0410665876026959,0,0.0410665876026959
"IL6","IL6R","IL6","Myeloid","Macrophage",0.0568720942011715,0.0159237029383526,0.0409483912628189
"IL1B","IL1R1","IL1","Pericyte","Fibroblast",0.0406762989366391,0,0.0406762989366391
"TGFB1","TGFBR1","TGFb","Melanocyte","Endothelial",0.0405111442929794,0,0.0405111442929794
"TGFB1","TGFBR1","TGFb","Pericyte","Keratinocyte",0.0556103489038056,0.0151395657488526,0.040470783154953
"TGFB1","TGFBR1","TGFb","Myeloid","Fibroblast",0.170749319600973,0.130373813306022,0.0403755062949503
"TGFB1","TGFBR1","TGFb","Melanocyte","Macrophage",0.0537531967870329,0.0137093183290765,0.0400438784579564
"PDGFA","PDGFRA","PDGF","Lymphatic_Endo","Fibroblast",0.201090863259028,0.161526737208435,0.0395641260505926
"TGFB1","TGFBR1","TGFb","Lymphatic_Endo","T_cell",0.0871227175971494,0.0475936491681785,0.0395290684289709
"TGFB1","TGFBR1","TGFb","Endothelial","Macrophage",0.0532994762591832,0.0927083300354886,-0.0394088537763053
"TGFB1","TGFBR1","TGFb","Macrophage","Keratinocyte",0.0866713767887607,0.0478201667002242,0.0388512100885365
"TGFB1","TGFBR1","TGFb","Mast_cell","Macrophage",0.0486944950917611,0.0870082176249542,-0.038313722533193
"TGFB1","TGFBR1","TGFb","Smooth_Muscle","Keratinocyte",0.0507931387145027,0.0136394529304533,0.0371536857840494
"IL6","IL6R","IL6","Melanocyte","Macrophage",0.0367582607147796,0,0.0367582607147796
"TNF","TNFRSF1A","TNF","T_cell","Myeloid",0.199183605182768,0.235897457694251,-0.0367138525114827
"TGFB1","TGFBR1","TGFb","Lymphatic_Endo","Mast_cell",0.0628558921408303,0.0263640069019224,0.0364918852389078
"VEGFA","KDR","VEGF","Fibroblast","Lymphatic_Endo",0.206764486563128,0.17058888309074,0.0361756034723873
"VEGFA","KDR","VEGF","Smooth_Muscle","Endothelial",0.0907897607468938,0.126221784200775,-0.035432023453881
"TGFB1","TGFBR1","TGFb","Macrophage","Myeloid",0.0501956671626976,0.0850671156582022,-0.0348714484955046
"TGFB1","TGFBR1","TGFb","Macrophage","T_cell",0.0469078484990029,0.0806762722934665,-0.0337684237944636
"IL1B","IL1R1","IL1","Keratinocyte","Fibroblast",0.0331676484876582,0,0.0331676484876582
"CCL2","CCR2","CCL","Myeloid","Macrophage",0.0327296133934595,0,0.0327296133934595
"CCL2","CCR2","CCL","Keratinocyte","Macrophage",0.032603239418338,0,0.032603239418338
"VEGFA","KDR","VEGF","Melanocyte","Endothelial",0.0434358283999565,0.0109102142146177,0.0325256141853388
"TGFB1","TGFBR1","TGFb","Macrophage","Lymphatic_Endo",0.0152787380201221,0.0477930516908848,-0.0325143136707627
"TGFB1","TGFBR1","TGFb","T_cell","Lymphatic_Endo",0.0225730670102513,0.0547562607605415,-0.0321831937502902
"VEGFA","KDR","VEGF","Melanocyte","Lymphatic_Endo",0.0494040491478524,0.0179131113940654,0.031490937753787
"TNF","TNFRSF1A","TNF","Macrophage","Fibroblast",0.239939124250787,0.208899377547404,0.0310397467033827
"TGFB1","TGFBR1","TGFb","Keratinocyte","Melanocyte",0.0484085027583298,0.0174675635841274,0.0309409391742023
"VEGFA","KDR","VEGF","Myeloid","Smooth_Muscle",0,0.0307923498887737,-0.0307923498887737
"IL6","IL6R","IL6","Fibroblast","Keratinocyte",0.0306062960673659,0,0.0306062960673659
"HGF","MET","HGF","Macrophage","Endothelial",0,0.0305245651967631,-0.0305245651967631
"PDGFA","PDGFRA","PDGF","Fibroblast","Keratinocyte",0.0301597600890851,0,0.0301597600890851
"TGFB1","TGFBR1","TGFb","Fibroblast","Melanocyte",0.0760695873842033,0.0459452939973577,0.0301242933868456
"TGFB1","TGFBR1","TGFb","Melanocyte","Mast_cell",0.0296280588133476,0,0.0296280588133476
"HGF","MET","HGF","Melanocyte","Keratinocyte",0.0294960084261171,0,0.0294960084261171
"TGFB1","TGFBR1","TGFb","Fibroblast","Macrophage",0.0482021548862784,0.0776652997241519,-0.0294631448378735
"TNF","TNFRSF1A","TNF","Macrophage","Myeloid",0.119229359293144,0.0898512577637271,0.0293781015294172
"IL6","IL6R","IL6","Myeloid","Smooth_Muscle",0.0293419073554926,0,0.0293419073554926
"TGFB1","TGFBR1","TGFb","Endothelial","Melanocyte",0.0841138570753895,0.0548444607129996,0.0292693963623899
"FGF2","FGFR1","FGF","Keratinocyte","Fibroblast",0.0292442471103508,0,0.0292442471103508
"CCL2","CCR2","CCL","Keratinocyte","T_cell",0.01190068201172,0.0409176085821863,-0.0290169265704663
"PDGFA","PDGFRA","PDGF","Smooth_Muscle","Endothelial",0.0289396929889861,0,0.0289396929889861
"FGF2","FGFR1","FGF","Endothelial","Melanocyte",0.0288967252042015,0,0.0288967252042015
"IL6","IL6R","IL6","Macrophage","Macrophage",0.0287555640499224,0,0.0287555640499224
"PDGFA","PDGFRA","PDGF","Lymphatic_Endo","Keratinocyte",0.0286392682993414,0,0.0286392682993414
"PDGFA","PDGFRA","PDGF","Pericyte","Endothelial",0.0284093663350476,0,0.0284093663350476
"IL6","IL6R","IL6","Endothelial","Myeloid",0.0581728862223488,0.0304212568821748,0.027751629340174
"TNF","TNFRSF1A","TNF","Keratinocyte","Pericyte",0.0515418854552111,0.0239562176564553,0.0275856677987558
"IL6","IL6R","IL6","Myeloid","Keratinocyte",0.0274014767100494,0,0.0274014767100494
"FGF2","FGFR1","FGF","Smooth_Muscle","Macrophage",0,0.0272154207652694,-0.0272154207652694
"TNF","TNFRSF1A","TNF","Keratinocyte","Smooth_Muscle",0.0400955035633471,0.0130525879648869,0.0270429155984602
"TNF","TNFRSF1A","TNF","Macrophage","Endothelial",0.191713347320568,0.164812517209083,0.0269008301114844
"HGF","MET","HGF","Lymphatic_Endo","Endothelial",0,0.0268816525740766,-0.0268816525740766
"TNF","TNFRSF1A","TNF","Keratinocyte","Melanocyte",0.0266057291184964,0,0.0266057291184964
"TGFB1","TGFBR1","TGFb","Pericyte","Macrophage",0.0393950012681711,0.0657610408961147,-0.0263660396279436
"TNF","TNFRSF1A","TNF","Myeloid","Myeloid",0.189548641329179,0.163204930797828,0.0263437105313515
"FGF2","FGFR1","FGF","Endothelial","Keratinocyte",0.0261111507136826,0,0.0261111507136826
"TGFB1","TGFBR1","TGFb","Keratinocyte","Pericyte",0.0260546129434513,0,0.0260546129434513
"TGFB1","TGFBR1","TGFb","Macrophage","Melanocyte",0.0968959892679257,0.122879761113579,-0.0259837718456533
"VEGFA","KDR","VEGF","Myeloid","Keratinocyte",0.0255103721060702,0,0.0255103721060702
"TGFB1","TGFBR1","TGFb","Mast_cell","Melanocyte",0.076846567508268,0.0514723841041386,0.0253741834041294
"IL1B","IL1R1","IL1","Fibroblast","Fibroblast",0.0252719690077117,0,0.0252719690077117
"IL1B","IL1R1","IL1","Myeloid","T_cell",0.157548705515023,0.132345168433679,0.0252035370813436
"TGFB1","TGFBR1","TGFb","Myeloid","Lymphatic_Endo",0.0176899516432182,0.0425551641377885,-0.0248652124945703
"VEGFA","KDR","VEGF","Endothelial","Endothelial",0.0414286660093911,0.0166479306519684,0.0247807353574227
"IL1B","IL1R1","IL1","Macrophage","T_cell",0.0491705470192574,0.0245244325825487,0.0246461144367087
"IL1B","IL1R1","IL1","Mast_cell","Endothelial",0.0243316903837372,0,0.0243316903837372
"PDGFA","PDGFRA","PDGF","Keratinocyte","Keratinocyte",0.0241197469344001,0,0.0241197469344001
"TGFB1","TGFBR1","TGFb","Keratinocyte","Smooth_Muscle",0.0239990349882893,0,0.0239990349882893
"IL1B","IL1R1","IL1","Mast_cell","Pericyte",0.0238136120413687,0,0.0238136120413687
"TGFB1","TGFBR1","TGFb","T_cell","Myeloid",0.0741599310751705,0.0974609697923105,-0.02330103871714
"TGFB1","TGFBR1","TGFb","Pericyte","Melanocyte",0.0621706954500289,0.0389029639784506,0.0232677314715783
"TGFB1","TGFBR1","TGFb","Smooth_Muscle","Macrophage",0.0359824349876591,0.0592450692998345,-0.0232626343121754
"TGFB1","TGFBR1","TGFb","T_cell","T_cell",0.0693024519485966,0.0924304024664744,-0.0231279505178778
"TGFB1","TGFBR1","TGFb","Keratinocyte","Endothelial",0.0231178401695027,0,0.0231178401695027
"TNF","TNFRSF1A","TNF","T_cell","T_cell",0.064406741069137,0.0874984719591033,-0.0230917308899662
"TNF","TNFRSF1A","TNF","Mast_cell","Myeloid",0.104622158933675,0.0816683904572429,0.022953768476432
"IL6","IL6R","IL6","Smooth_Muscle","Macrophage",0.0570884406454291,0.0799520192643956,-0.0228635786189664
"TNF","TNFRSF1A","TNF","Keratinocyte","Fibroblast",0.0470126928912154,0.0242030569208515,0.022809635970364
"TNF","TNFRSF1A","TNF","Fibroblast","Pericyte",0.0225605286451802,0,0.0225605286451802
"IL6","IL6R","IL6","Fibroblast","Macrophage",0.0635237352902883,0.0411273318243694,0.0223964034659188
"FGF2","FGFR1","FGF","Fibroblast","Melanocyte",0.022314330994373,0,0.022314330994373
"TNF","TNFRSF1A","TNF","Macrophage","Keratinocyte",0.142676643494329,0.120615923431915,0.0220607200624137
"CCL2","CCR2","CCL","Pericyte","T_cell",0.0275146978670395,0.0493201392471644,-0.0218054413801249
"TGFB1","TGFBR1","TGFb","Smooth_Muscle","Melanocyte",0.0567851995216366,0.0350482408043582,0.0217369587172784
"CCL2","CCR2","CCL","Melanocyte","Myeloid",0,0.0215702885644146,-0.0215702885644146
"VEGFA","KDR","VEGF","Mast_cell","Endothelial",0.0326143093354704,0.0539640548601381,-0.0213497455246676
"TNF","TNFRSF1A","TNF","Macrophage","Lymphatic_Endo",0.143275139079113,0.122191003616849,0.0210841354622643
"IL1B","IL1R1","IL1","Lymphatic_Endo","Fibroblast",0.020937373161589,0,0.020937373161589
"IL6","IL6R","IL6","Keratinocyte","Myeloid",0.0209257669732606,0,0.0209257669732606
"PDGFA","PDGFRA","PDGF","Smooth_Muscle","Myeloid",0.0209127489936124,0,0.0209127489936124
"IL1B","IL1R1","IL1","Macrophage","Mast_cell",0.020829887657513,0,0.020829887657513
"TNF","TNFRSF1A","TNF","Mast_cell","Fibroblast",0.210543353923869,0.189874647906195,0.0206687060176743
"IL6","IL6R","IL6","Fibroblast","Pericyte",0.0206176104168526,0,0.0206176104168526
"IL6","IL6R","IL6","Myeloid","T_cell",0.0205958760532502,0,0.0205958760532502
"TNF","TNFRSF1A","TNF","Fibroblast","Fibroblast",0.0205780443476596,0,0.0205780443476596
"PDGFA","PDGFRA","PDGF","Pericyte","Myeloid",0.0205295179689205,0,0.0205295179689205
"CCL2","CCR2","CCL","Endothelial","T_cell",0.025709547068105,0.0462212886049995,-0.0205117415368945
"FGF2","FGFR1","FGF","Fibroblast","Keratinocyte",0.0201632834015515,0,0.0201632834015515
"PDGFA","PDGFRA","PDGF","Pericyte","Lymphatic_Endo",0.0200600870532031,0,0.0200600870532031
"VEGFA","KDR","VEGF","Endothelial","Lymphatic_Endo",0.0471210962712977,0.0273336737834011,0.0197874224878967
"IL1B","IL1R1","IL1","Mast_cell","Smooth_Muscle",0.0195873033778471,0,0.0195873033778471
"TGFB1","TGFBR1","TGFb","Macrophage","Endothelial",0.0462733996162753,0.0658498570998819,-0.0195764574836066
"IL6","IL6R","IL6","Smooth_Muscle","Melanocyte",0,0.019362644267039,-0.019362644267039
"IL6","IL6R","IL6","Endothelial","Keratinocyte",0.0192920863241594,0,0.0192920863241594
"CXCL8","CXCR1","CXCL","Myeloid","Keratinocyte",0.0192114099501375,0,0.0192114099501375
"FGF2","FGFR1","FGF","Fibroblast","Smooth_Muscle",0.0271364916565586,0.046305288484172,-0.0191687968276133
"IL1B","IL1R1","IL1","Pericyte","Endothelial",0.0189923407802798,0,0.0189923407802798
"IL6","IL6R","IL6","Melanocyte","Smooth_Muscle",0.0189646169284178,0,0.0189646169284178
"FGF2","FGFR1","FGF","Pericyte","Endothelial",0.0189471738463786,0,0.0189471738463786
"FGF2","FGFR1","FGF","Fibroblast","Fibroblast",0.0812491599774036,0.100109823668822,-0.0188606636914184
"IL6","IL6R","IL6","Smooth_Muscle","Myeloid",0.0829400596502296,0.0643199928875391,0.0186200667626905
"IL1B","IL1R1","IL1","Pericyte","Pericyte",0.0185879496231524,0,0.0185879496231524
"PDGFA","PDGFRA","PDGF","Melanocyte","Endothelial",0.0185709638849669,0,0.0185709638849669
"TNF","TNFRSF1A","TNF","Keratinocyte","Endothelial",0.037563530953411,0.0190951585500778,0.0184683724033331
"IL6","IL6R","IL6","Myeloid","Pericyte",0.018458717461622,0,0.018458717461622
"TNF","TNFRSF1A","TNF","Mast_cell","Endothelial",0.168225883389718,0.149802833512546,0.0184230498771716
"IL6","IL6R","IL6","Lymphatic_Endo","Myeloid",0.018187129077999,0,0.018187129077999
"IL6","IL6R","IL6","Smooth_Muscle","T_cell",0.0206742245757211,0.0385274463810977,-0.0178532218053765
"IL6","IL6R","IL6","Melanocyte","Keratinocyte",0.0177104542926645,0,0.0177104542926645
"TGFB1","TGFBR1","TGFb","Myeloid","Myeloid",0.0581172950041916,0.0757441707840023,-0.0176268757798107
"TNF","TNFRSF1A","TNF","Fibroblast","Smooth_Muscle",0.0175503039653036,0,0.0175503039653036
"TGFB1","TGFBR1","TGFb","Myeloid","T_cell",0.0543106093279381,0.0718345426376731,-0.017523933309735
"PDGFA","PDGFRA","PDGF","Smooth_Muscle","Macrophage",0.0175109479233461,0,0.0175109479233461
"TNF","TNFRSF1A","TNF","Pericyte","Macrophage",0.0348582212890266,0.0523642318634671,-0.0175060105744406
"FGF2","FGFR1","FGF","Pericyte","Macrophage",0,0.0174662801439334,-0.0174662801439334
"PDGFA","PDGFRA","PDGF","Pericyte","Macrophage",0.0171900557002319,0,0.0171900557002319
"TGFB1","TGFBR1","TGFb","Keratinocyte","Mast_cell",0.0169073656183614,0,0.0169073656183614
"VEGFA","KDR","VEGF","Pericyte","Lymphatic_Endo",0.0890543477434297,0.105960856376637,-0.0169065086332072
"TNF","TNFRSF1A","TNF","Fibroblast","Endothelial",0.0164420278498535,0,0.0164420278498535
"TGFB1","TGFBR1","TGFb","Fibroblast","Smooth_Muscle",0.0377123146793481,0.0213369920658794,0.0163753226134688
"TNF","TNFRSF1A","TNF","Smooth_Muscle","Pericyte",0.0163323168454644,0,0.0163323168454644
"TGFB1","TGFBR1","TGFb","Endothelial","Smooth_Muscle",0.0417003477473776,0.0254697646108871,0.0162305831364905
"PDGFA","PDGFRA","PDGF","Myeloid","Fibroblast",0.0161598843310323,0,0.0161598843310323
"TGFB1","TGFBR1","TGFb","Fibroblast","Pericyte",0.0409424696722813,0.0248946648976948,0.0160478047745865
"IL6","IL6R","IL6","Smooth_Muscle","Keratinocyte",0.0275057143354947,0.0115782830165964,0.0159274313188982
"IL6","IL6R","IL6","Fibroblast","Fibroblast",0.0159027605432536,0,0.0159027605432536
"FGF2","FGFR1","FGF","Keratinocyte","Lymphatic_Endo",0.0157591646905424,0,0.0157591646905424
"IL1B","IL1R1","IL1","T_cell","Fibroblast",0.0156677676430143,0,0.0156677676430143
"IL6","IL6R","IL6","Fibroblast","Mast_cell",0.0155679896512925,0,0.0155679896512925
"TNF","TNFRSF1A","TNF","Mast_cell","Keratinocyte",0.125196835412712,0.109631279242651,0.0155655561700617
"TGFB1","TGFBR1","TGFb","Endothelial","Pericyte",0.0452720878441742,0.0297165248528703,0.0155555629913039
"IL1B","IL1R1","IL1","Keratinocyte","Endothelial",0.0154864454098779,0,0.0154864454098779
"IL1B","IL1R1","IL1","Pericyte","Smooth_Muscle",0.0152890627347224,0,0.0152890627347224
"HGF","MET","HGF","Pericyte","Lymphatic_Endo",0,0.015275293912475,-0.015275293912475
"IL1B","IL1R1","IL1","Keratinocyte","Pericyte",0.0151567029283407,0,0.0151567029283407
"PDGFA","PDGFRA","PDGF","Endothelial","Keratinocyte",0.0151516677504889,0,0.0151516677504889
"TGFB1","TGFBR1","TGFb","Pericyte","Lymphatic_Endo",0,0.0151309813064509,-0.0151309813064509
"IL6","IL6R","IL6","Fibroblast","Smooth_Muscle",0.0327736754192548,0.0176484019495841,0.0151252734696706
"VEGFA","KDR","VEGF","Macrophage","Keratinocyte",0.0150766061751863,0,0.0150766061751863
"FGF2","FGFR1","FGF","Endothelial","Endothelial",0.051089630345671,0.0361700528069829,0.0149195775386881
"TNF","TNFRSF1A","TNF","Smooth_Muscle","Fibroblast",0.0148971305429846,0,0.0148971305429846
"IL6","IL6R","IL6","Macrophage","Smooth_Muscle",0.0148358014270271,0,0.0148358014270271
"IL1B","IL1R1","IL1","Mast_cell","Keratinocyte",0.0147397215755324,0,0.0147397215755324
"TNF","TNFRSF1A","TNF","Mast_cell","Lymphatic_Endo",0.125722007237535,0.111062914889676,0.0146590923478587
"VEGFA","KDR","VEGF","Macrophage","Smooth_Muscle",0,0.0146007309724357,-0.0146007309724357
"FGF2","FGFR1","FGF","Smooth_Muscle","Melanocyte",0.0145683295774085,0,0.0145683295774085
"IL1B","IL1R1","IL1","Mast_cell","Melanocyte",0.0145602676102122,0,0.0145602676102122
"TGFB1","TGFBR1","TGFb","Macrophage","Pericyte",0.0521517368292123,0.0665802786202057,-0.0144285417909934
"IL6","IL6R","IL6","Keratinocyte","Macrophage",0.0144034066390952,0,0.0144034066390952
"HGF","MET","HGF","Melanocyte","Lymphatic_Endo",0.0143872915613389,0,0.0143872915613389
"IL6","IL6R","IL6","Myeloid","Fibroblast",0.0142375647707364,0,0.0142375647707364
"FGF2","FGFR1","FGF","Keratinocyte","Endothelial",0.0142000400279216,0,0.0142000400279216
"TGFB1","TGFBR1","TGFb","Mast_cell","Smooth_Muscle",0.038097510918028,0.0239037724147561,0.0141937385032719
"IL1B","IL1R1","IL1","Mast_cell","Myeloid",0.0140014210248888,0,0.0140014210248888
"TNF","TNFRSF1A","TNF","Keratinocyte","Keratinocyte",0.0279554793087326,0.0139745464761916,0.013980932832541
"IL6","IL6R","IL6","Myeloid","Mast_cell",0.0139378481118148,0,0.0139378481118148
"TNF","TNFRSF1A","TNF","Keratinocyte","Lymphatic_Endo",0.028072746091347,0.0141570350782087,0.0139157110131384
"IL6","IL6R","IL6","Macrophage","Keratinocyte",0.0138546844399842,0,0.0138546844399842
"VEGFA","KDR","VEGF","Pericyte","Endothelial",0.0782962010922907,0.0645368420930185,0.0137593589992722
"FGF2","FGFR1","FGF","Fibroblast","Myeloid",0,0.0136389611871605,-0.0136389611871605
"TGFB1","TGFBR1","TGFb","Smooth_Muscle","Lymphatic_Endo",0,0.0136317190825997,-0.0136317190825997
"FGF2","FGFR1","FGF","Endothelial","Myeloid",0,0.0135468970941129,-0.0135468970941129
"TGFB1","TGFBR1","TGFb","Mast_cell","Pericyte",0.0413606589415988,0.0278894233179062,0.0134712356236926
"IL6","IL6R","IL6","Mast_cell","T_cell",0,0.0134437720590442,-0.0134437720590442
"PDGFA","PDGFRA","PDGF","Melanocyte","Myeloid",0.0134199732679805,0,0.0134199732679805
"TGFB1","TGFBR1","TGFb","Melanocyte","Lymphatic_Endo",0.0133761332791744,0,0.0133761332791744
"IL6","IL6R","IL6","Melanocyte","T_cell",0.0133117760520073,0,0.0133117760520073
"FGF2","FGFR1","FGF","Smooth_Muscle","Keratinocyte",0.013163977805589,0,0.013163977805589
"PDGFA","PDGFRA","PDGF","Melanocyte","Lymphatic_Endo",0.0131131102257196,0,0.0131131102257196
"PDGFA","PDGFRA","PDGF","Smooth_Muscle","Mast_cell",0.0131032042466275,0,0.0131032042466275
"FGF2","FGFR1","FGF","Endothelial","Pericyte",0.0130134970625087,0,0.0130134970625087
"IL6","IL6R","IL6","Endothelial","Pericyte",0.0129959116609317,0,0.0129959116609317
"TGFB1","TGFBR1","TGFb","Keratinocyte","Myeloid",0.0250773753450494,0.0120924327831702,0.0129849425618791
"CCL2","CCR2","CCL","Fibroblast","Myeloid",0.100260846103043,0.0872932208613917,0.0129676252416514
"TNF","TNFRSF1A","TNF","Keratinocyte","Myeloid",0.0233613141231868,0.0104101559880048,0.012951158135182
"PDGFA","PDGFRA","PDGF","Pericyte","Mast_cell",0.0128630849590237,0,0.0128630849590237
"IL6","IL6R","IL6","Pericyte","Myeloid",0.0253057951206191,0.0124800383304108,0.0128257567902084
"TGFB1","TGFBR1","TGFb","Pericyte","Smooth_Muscle",0.0308217897752432,0.0180665343831542,0.012755255392089
"TNF","TNFRSF1A","TNF","Smooth_Muscle","Smooth_Muscle",0.0127052486049251,0,0.0127052486049251
"IL6","IL6R","IL6","Fibroblast","Lymphatic_Endo",0.0126897916218407,0,0.0126897916218407
"TNF","TNFRSF1A","TNF","Lymphatic_Endo","Pericyte",0.012682269901752,0,0.012682269901752
"CCL2","CCR2","CCL","Lymphatic_Endo","Myeloid",0.0694948406708465,0.0568584916837232,0.0126363489871232
"CXCL8","CXCR1","CXCL","Macrophage","Keratinocyte",0.0126337262835632,0,0.0126337262835632
"TNF","TNFRSF1A","TNF","Pericyte","Smooth_Muscle",0.0377066857946793,0.0251721625959143,0.012534523198765
"IL6","IL6R","IL6","Lymphatic_Endo","Macrophage",0.0125183758398374,0,0.0125183758398374
"IL1B","IL1R1","IL1","Endothelial","Fibroblast",0.0125047636635828,0,0.0125047636635828
"IL1B","IL1R1","IL1","Keratinocyte","Smooth_Muscle",0.0124667747987823,0,0.0124667747987823
"IL6","IL6R","IL6","Mast_cell","Macrophage",0.0154716473174335,0.0278984678096442,-0.0124268204922107
"TGFB1","TGFBR1","TGFb","Pericyte","Pericyte",0.0334617539084487,0.0210788998722332,0.0123828540362155
"TNF","TNFRSF1A","TNF","Fibroblast","Lymphatic_Endo",0.0122877924769178,0,0.0122877924769178
"TNF","TNFRSF1A","TNF","Fibroblast","Keratinocyte",0.0122364633378121,0,0.0122364633378121
"CCL2","CCR2","CCL","Fibroblast","T_cell",0.0310688881735019,0.0430706699668732,-0.0120017817933713
"HGF","MET","HGF","Macrophage","Lymphatic_Endo",0,0.0119898008585211,-0.0119898008585211
"IL6","IL6R","IL6","Mast_cell","Smooth_Muscle",0,0.011971682864931,-0.011971682864931
"TGFB1","TGFBR1","TGFb","Keratinocyte","T_cell",0.0234348060286841,0.0114682670542788,0.0119665389744053
"CXCL8","CXCR1","CXCL","Macrophage","T_cell",0,0.0119506473195408,-0.0119506473195408
"IL6","IL6R","IL6","Melanocyte","Pericyte",0.0119304618274595,0,0.0119304618274595
"TNF","TNFRSF1A","TNF","Smooth_Muscle","Endothelial",0.0119029306737068,0,0.0119029306737068
"IL1B","IL1R1","IL1","Mast_cell","Lymphatic_Endo",0.0118830761128231,0,0.0118830761128231
"TGFB1","TGFBR1","TGFb","Smooth_Muscle","Smooth_Muscle",0.0281518723464804,0.0162764011480398,0.0118754711984406
"IL6","IL6R","IL6","Fibroblast","Endothelial",0.0118433924889342,0,0.0118433924889342
"IL1B","IL1R1","IL1","Fibroblast","Endothelial",0.0117998406966862,0,0.0117998406966862
"FGF2","FGFR1","FGF","Endothelial","Lymphatic_Endo",0.056699128806203,0.0449219908374726,0.0117771379687303
"TGFB1","TGFBR1","TGFb","Fibroblast","Endothelial",0.0363275966556398,0.0246215570141089,0.0117060396415309
"FGF2","FGFR1","FGF","Pericyte","Fibroblast",0.039020723386466,0.0273233193216,0.0116974040648659
"TNF","TNFRSF1A","TNF","Fibroblast","Melanocyte",0.0116456607786562,0,0.0116456607786562
"TGFB1","TGFBR1","TGFb","Smooth_Muscle","Pericyte",0.0305631513091636,0.0189902846225859,0.0115728666865777
"TNF","TNFRSF1A","TNF","Lymphatic_Endo","Fibroblast",0.0115678278896623,0,0.0115678278896623
"IL1B","IL1R1","IL1","Fibroblast","Pericyte",0.0115485946134122,0,0.0115485946134122
"IL1B","IL1R1","IL1","Pericyte","Keratinocyte",0.0115052349735661,0,0.0115052349735661
"HGF","MET","HGF","Pericyte","Endothelial",0.0274356392341524,0.0388890283027248,-0.0114533890685724
"IL6","IL6R","IL6","Smooth_Muscle","Lymphatic_Endo",0.0114042477586653,0,0.0114042477586653
"IL1B","IL1R1","IL1","Pericyte","Melanocyte",0.011365160411956,0,0.011365160411956
"IL6","IL6R","IL6","Myeloid","Lymphatic_Endo",0.0113610294044044,0,0.0113610294044044
"CCL2","CCR2","CCL","Myeloid","T_cell",0.0119468104492406,0.0232715756594133,-0.0113247652101727
"PDGFA","PDGFRA","PDGF","Melanocyte","Macrophage",0.0112369948637589,0,0.0112369948637589
"CCL2","CCR2","CCL","Pericyte","Myeloid",0.0887912973587442,0.0999592950731589,-0.0111679977144147
"CCL2","CCR2","CCL","Mast_cell","T_cell",0,0.0111381836769303,-0.0111381836769303
"IL1B","IL1R1","IL1","Pericyte","Myeloid",0.0109289472009145,0,0.0109289472009145
"CCL2","CCR2","CCL","Macrophage","Keratinocyte",0,0.0109216813945876,-0.0109216813945876
"FGF2","FGFR1","FGF","Endothelial","Smooth_Muscle",0.035141351206246,0.0459927240352303,-0.0108513728289843
"TGFB1","TGFBR1","TGFb","Macrophage","Mast_cell",0.0338423174475013,0.0446897818667038,-0.0108474644192025
"TGFB1","TGFBR1","TGFb","Endothelial","Endothelial",0.0401691974159364,0.0293905185682528,0.0107786788476836
"FGF2","FGFR1","FGF","Pericyte","Melanocyte",0.0107166811020278,0,0.0107166811020278
"CCL2","CCR2","CCL","Endothelial","Myeloid",0.0829659860236858,0.0936787182042357,-0.0107127321805498
"IL6","IL6R","IL6","Smooth_Muscle","Endothelial",0.0106435933915934,0,0.0106435933915934
"CCL2","CCR2","CCL","Melanocyte","T_cell",0,0.0106428285115439,-0.0106428285115439
"IL6","IL6R","IL6","Myeloid","Endothelial",0.0106032576676121,0,0.0106032576676121
"CCL2","CCR2","CCL","Mast_cell","Myeloid",0.0119883049890854,0.022574246661425,-0.0105859416723396
"HGF","MET","HGF","Lymphatic_Endo","Lymphatic_Endo",0,0.0105588944194137,-0.0105588944194137
"CCL2","CCR2","CCL","Fibroblast","Mast_cell",0.0105017531175917,0,0.0105017531175917
"PDGFA","PDGFRA","PDGF","Fibroblast","Endothelial",0.0104808682299429,0,0.0104808682299429
"FGF2","FGFR1","FGF","Smooth_Muscle","Fibroblast",0.0530450382194694,0.0425743561830732,0.0104706820363962
"IL6","IL6R","IL6","Macrophage","T_cell",0.0104136491073912,0,0.0104136491073912
"FGF2","FGFR1","FGF","Smooth_Muscle","Endothelial",0.0257569176992931,0.015486810965047,0.0102701067342461
"TNF","TNFRSF1A","TNF","Fibroblast","Myeloid",0.0102255397102847,0,0.0102255397102847
"PDGFA","PDGFRA","PDGF","Smooth_Muscle","Smooth_Muscle",0.0102054140103866,0,0.0102054140103866
"CCL2","CCR2","CCL","Mast_cell","Macrophage",0.0101774981472405,0,0.0101774981472405
"PDGFA","PDGFRA","PDGF","Smooth_Muscle","Lymphatic_Endo",0.0204345550620695,0.0102998691947665,0.010134685867303
"VEGFA","KDR","VEGF","Smooth_Muscle","Smooth_Muscle",0,0.0101009367368997,-0.0101009367368997
"FGF2","FGFR1","FGF","Fibroblast","Pericyte",0.0100491484344703,0,0.0100491484344703
"IL6","IL6R","IL6","Endothelial","Fibroblast",0.0100239973016535,0,0.0100239973016535
"PDGFA","PDGFRA","PDGF","Pericyte","Smooth_Muscle",0.0100183974077486,0,0.0100183974077486
"TNF","TNFRSF1A","TNF","Keratinocyte","Macrophage",0.0370665813356454,0.0271525634719433,0.00991401786370215
"TGFB1","TGFBR1","TGFb","Fibroblast","Mast_cell",0.0265683971422005,0.0167097099468286,0.0098586871953719
"TNF","TNFRSF1A","TNF","Pericyte","Melanocyte",0.0250206077752462,0.0151832390675538,0.00983736870769242
"TGFB1","TGFBR1","TGFb","Endothelial","Mast_cell",0.0293779739944444,0.0199462219298709,0.00943175206457354
"FGF2","FGFR1","FGF","Smooth_Muscle","Lymphatic_Endo",0.0285849551934903,0.0192340991036431,0.00935085608984722
"TGFB1","TGFBR1","TGFb","Mast_cell","Endothelial",0.0366986492868827,0.0275834613213063,0.00911518796557646
"TGFB1","TGFBR1","TGFb","Macrophage","Smooth_Muscle",0.0480372270192908,0.0570653544645589,-0.00902812744526804
"TGFB1","TGFBR1","TGFb","Pericyte","Endothelial",0.0296900775431086,0.020847652986361,0.00884242455674767
"FGF2","FGFR1","FGF","Pericyte","Lymphatic_Endo",0.0210275205195406,0.0123440370868388,0.00868348343270182
"CCL2","CCR2","CCL","Myeloid","Myeloid",0.0385529510159659,0.0471655257601565,-0.00861257474419061
"TGFB1","TGFBR1","TGFb","Lymphatic_Endo","Macrophage",0.114037344152579,0.122537644548165,-0.00850030039558596
"TGFB1","TGFBR1","TGFb","Smooth_Muscle","Endothelial",0.0271181939480379,0.0187819509710472,0.00833624297699073
"TGFB1","TGFBR1","TGFb","Mast_cell","Mast_cell",0.0268397686221519,0.0187198412246828,0.00811992739746915
"TGFB1","TGFBR1","TGFb","Endothelial","Lymphatic_Endo",0.0132632278779188,0.021331292656016,-0.00806806477809728
"IL6","IL6R","IL6","Smooth_Muscle","Pericyte",0.018528936044997,0.0105435545978992,0.00798538144709783
"TGFB1","TGFBR1","TGFb","Mast_cell","Lymphatic_Endo",0.012117308276382,0.020019751762606,-0.00790244348622403
"TNF","TNFRSF1A","TNF","Myeloid","Keratinocyte",0.226824702272075,0.219085563482993,0.00773913878908189
"TGFB1","TGFBR1","TGFb","Fibroblast","Myeloid",0.0394068290998414,0.031806976209945,0.00759985288989634
"CCL2","CCR2","CCL","Macrophage","Mast_cell",0.0149621547743809,0.0225596606227315,-0.00759750584835055
"TGFB1","TGFBR1","TGFb","Pericyte","Mast_cell",0.0217140092923151,0.0141485054854414,0.00756550380687375
"TGFB1","TGFBR1","TGFb","Smooth_Muscle","Mast_cell",0.0198330474052661,0.0127465924588731,0.00708645494639297
"TGFB1","TGFBR1","TGFb","T_cell","Endothelial",0.0683651063952185,0.0754438525860697,-0.00707874619085126
"TGFB1","TGFBR1","TGFb","Fibroblast","T_cell",0.0368256798589808,0.0301652201757462,0.00666045968323463
"CCL2","CCR2","CCL","Lymphatic_Endo","T_cell",0.0215351008629911,0.028054106675848,-0.00651900581285693
"TNF","TNFRSF1A","TNF","T_cell","Mast_cell",0.0228942783167,0.0290263269800023,-0.00613204866330227
"TGFB1","TGFBR1","TGFb","Fibroblast","Lymphatic_Endo",0.0119947926196234,0.0178700364573378,-0.00587524383771437
"TNF","TNFRSF1A","TNF","Myeloid","Lymphatic_Endo",0.227776179539167,0.221946523462642,0.00582965607652508
"FGF2","FGFR1","FGF","Endothelial","Fibroblast",0.105216448099264,0.0994340742481184,0.00578237385114551
"TNF","TNFRSF1A","TNF","Fibroblast","Macrophage",0.0162245067796056,0.0106082236605261,0.00561628311907955
"TGFB1","TGFBR1","TGFb","Endothelial","Myeloid",0.0435740550813962,0.0379676851615307,0.00560636991986552
"TGFB1","TGFBR1","TGFb","T_cell","Smooth_Muscle",0.070971014953265,0.065379491765119,0.00559152318814597
"TNF","TNFRSF1A","TNF","Myeloid","Endothelial",0.304782351634864,0.299363816769887,0.00541853486497745
"TGFB1","TGFBR1","TGFb","Pericyte","Myeloid",0.0322066946182271,0.0269317168768163,0.00527497774141074
"FGF2","FGFR1","FGF","Fibroblast","T_cell",0.0107257713145306,0.0159806531328202,-0.00525488181828959
"TNF","TNFRSF1A","TNF","Macrophage","T_cell",0.0385532457090851,0.0333273950248309,0.00522585068425419
"TGFB1","TGFBR1","TGFb","Smooth_Muscle","Myeloid",0.0294168107110597,0.0242631717957612,0.00515363891529857
"TGFB1","TGFBR1","TGFb","Myeloid","Endothelial",0.0535760349121215,0.0586330309154508,-0.0050569960033293
"IL6","IL6R","IL6","Smooth_Muscle","Smooth_Muscle",0.0294535265496381,0.0343087020253248,-0.00485517547568672
"TGFB1","TGFBR1","TGFb","Myeloid","Smooth_Muscle",0.0556182206885407,0.0508112673266172,0.00480695336192351
"TGFB1","TGFBR1","TGFb","Endothelial","T_cell",0.0407199523341388,0.0360079365891714,0.00471201574496735
"CCL2","CCR2","CCL","Smooth_Muscle","Mast_cell",0.0101668435801182,0.0147538049569668,-0.00458696137684867
"TGFB1","TGFBR1","TGFb","Pericyte","T_cell",0.0300971545394289,0.0255416033243051,0.00455555121512386
"TGFB1","TGFBR1","TGFb","Smooth_Muscle","T_cell",0.0274900081651605,0.0230107984660374,0.00447920969912312
"IL6","IL6R","IL6","Endothelial","Smooth_Muscle",0.0206582519477882,0.0162268960357519,0.00443135591203633
"HGF","MET","HGF","Smooth_Muscle","Endothelial",0.0197558096387947,0.0153856743723063,0.00437013526648835
"TGFB1","TGFBR1","TGFb","Mast_cell","Myeloid",0.0398093332281778,0.0356332663093557,0.00417606691882208
"VEGFA","KDR","VEGF","T_cell","Endothelial",0.0185576744072836,0.0144311070443671,0.00412656736291655
"IL6","IL6R","IL6","Smooth_Muscle","Fibroblast",0.0142917257183206,0.0183680094218155,-0.00407628370349485
"IL6","IL6R","IL6","Endothelial","T_cell",0.0145005841453525,0.0182222243933216,-0.00372164024796907
"TNF","TNFRSF1A","TNF","Mast_cell","T_cell",0.0338299545002826,0.0302922271490945,0.00353772735118809
"TGFB1","TGFBR1","TGFb","Mast_cell","T_cell",0.0372018199471488,0.0337940116252431,0.00340780832190568
"IL6","IL6R","IL6","Fibroblast","T_cell",0.0230047266037075,0.0198185247382067,0.00318620186550081
"FGF2","FGFR1","FGF","Fibroblast","Endothelial",0.0394519072267644,0.0364158628315239,0.00303604439524057
"PDGFA","PDGFRA","PDGF","T_cell","Fibroblast",0.0249971581317599,0.0221996536573127,0.00279750447444716
"TGFB1","TGFBR1","TGFb","Myeloid","Melanocyte",0.112187627166193,0.109412732989342,0.00277489417685108
"TNF","TNFRSF1A","TNF","Macrophage","Mast_cell",0.0137042912375964,0.0110558715337862,0.00264841970381016
"VEGFA","KDR","VEGF","T_cell","Lymphatic_Endo",0.0211075577987181,0.0236939461444375,-0.00258638834571947
"TNF","TNFRSF1A","TNF","Pericyte","Fibroblast",0.0442117614612354,0.046676052731365,-0.00246429127012964
"TGFB1","TGFBR1","TGFb","T_cell","Melanocyte",0.143155780005448,0.140782728946589,0.00237305105885874
"TNF","TNFRSF1A","TNF","Pericyte","Pericyte",0.0484711129030839,0.0462000185444934,0.00227109435859051
"IL6","IL6R","IL6","Endothelial","Macrophage",0.040040957002961,0.0378146950442523,0.0022262619587087
"TNF","TNFRSF1A","TNF","Myeloid","Fibroblast",0.38145080434115,0.379442751330043,0.00200805301110735
"FGF2","FGFR1","FGF","Endothelial","T_cell",0.0138897135817003,0.0158727824294146,-0.00198306884771428
"TNF","TNFRSF1A","TNF","Mast_cell","Mast_cell",0.0120253312140009,0.010048999376733,0.0019763318372679
"FGF2","FGFR1","FGF","Smooth_Muscle","Smooth_Muscle",0.0177165676231581,0.0196925513684535,-0.00197598374529533
"IL6","IL6R","IL6","Pericyte","Macrophage",0.0174182221332036,0.0155131277262113,0.00190509440699228
"TNF","TNFRSF1A","TNF","Pericyte","Myeloid",0.0219694891723234,0.0200761825841606,0.00189330658816276
"TNF","TNFRSF1A","TNF","Myeloid","Mast_cell",0.0217868300212793,0.020081775074602,0.00170505494667728
"TNF","TNFRSF1A","TNF","Pericyte","Endothelial",0.0353255635450795,0.0368253741794634,-0.00149981063438397
"FGF2","FGFR1","FGF","Fibroblast","Lymphatic_Endo",0.0437836162517905,0.0452272786325752,-0.00144366238078475
"CXCL8","CXCR1","CXCL","Myeloid","T_cell",0.0149283201928201,0.0162395657512831,-0.00131124555846299
"TGFB1","TGFBR1","TGFb","T_cell","Mast_cell",0.0499992144978566,0.0512008600131232,-0.00120164551526652
"TGFB1","TGFBR1","TGFb","Keratinocyte","Macrophage",0.0306744683126072,0.0295269317743392,0.00114753653826793
"TGFB1","TGFBR1","TGFb","Myeloid","Pericyte",0.0603820617516704,0.0592834017661801,0.00109865998549022
"TGFB1","TGFBR1","TGFb","Macrophage","Fibroblast",0.147475480652177,0.146420828698895,0.0010546519532813
"TNF","TNFRSF1A","TNF","Pericyte","Lymphatic_Endo",0.0264002225234023,0.0273021097289972,-0.00090188720559483
"TGFB1","TGFBR1","TGFb","T_cell","Pericyte",0.0770498616179159,0.0762806928759646,0.000769168741951348
"TNF","TNFRSF1A","TNF","Myeloid","T_cell",0.0612912405661756,0.0605355487955696,0.000755691770606033
"TNF","TNFRSF1A","TNF","Pericyte","Keratinocyte",0.0262899422841429,0.0269501770108089,-0.000660234726666042
"TGFB1","TGFBR1","TGFb","Myeloid","Mast_cell",0.039183141850609,0.0397919976928834,-0.000608855842274401
"TNF","TNFRSF1A","TNF","Smooth_Muscle","Macrophage",0.0117454599381701,0.0111511602093766,0.000594299728793563
"FGF2","FGFR1","FGF","Pericyte","Smooth_Muscle",0.0130325720894124,0.0126382620322792,0.000394310057133227
"HGF","MET","HGF","Fibroblast","Endothelial",0.023023947152849,0.0233720966235511,-0.000348149470702074
"IL6","IL6R","IL6","Smooth_Muscle","Mast_cell",0.0139908689108895,0.0136995571720311,0.000291311738858331
"TGFB1","TGFBR1","TGFb","Lymphatic_Endo","Lymphatic_Endo",0.0283774511166553,0.0281947302495383,0.000182720867116952
"IL6","IL6R","IL6","Mast_cell","Myeloid",0.0224777439510952,0.022443826529953,3.39174211421781e-05
