Gene_set,Term,P-value,Adjusted P-value,Old P-value,Old adjusted P-value,Odds Ratio,Combined Score,Genes
GO_Biological_Process_2023,Phosphatidylinositol Metabolic Process (GO:0046488),2.602059357132267e-06,0.0012125596604236363,0,0,195.1090909090909,2508.9482589948043,LPGAT1;PTEN;PLCG2
GO_Biological_Process_2023,Positive Regulation Of Leukocyte Migration (GO:0002687),0.00029236137154560834,0.04319550975094479,0,0,119.23333333333333,970.2636283559884,MIA3;PTN
GO_Biological_Process_2023,Regulation Of NLRP3 Inflammasome Complex Assembly (GO:1900225),0.00029236137154560834,0.04319550975094479,0,0,119.23333333333333,970.2636283559884,PLCG2;EIF2AK2
GO_Biological_Process_2023,Dendrite Morphogenesis (GO:0048813),0.0004989650036969418,0.04319550975094479,0,0,85.11904761904762,647.1579568147606,PTEN;PTN
GO_Biological_Process_2023,Negative Regulation Of Neurogenesis (GO:0050768),0.0007589217355243473,0.04319550975094479,0,0,66.16666666666667,475.31565412520354,PTEN;PTN
GO_Biological_Process_2023,Negative Regulation Of Cell Migration (GO:0030336),0.000876464473606566,0.04319550975094479,0,0,20.079545454545453,141.35225705686778,COL3A1;PTEN;MIA3
GO_Biological_Process_2023,Negative Regulation Of Response To Stimulus (GO:0048585),0.0009086812977743887,0.04319550975094479,0,0,59.53333333333333,416.9426604377467,COL3A1;DDAH1
GO_Biological_Process_2023,Positive Regulation Of DNA-binding Transcription Factor Activity (GO:0051091),0.0014106360883451383,0.04319550975094479,0,0,16.86602870813397,110.70379802948182,PTEN;PLCG2;EIF2AK2
GO_Biological_Process_2023,Phosphatidylinositol Biosynthetic Process (GO:0006661),0.0014360089208456403,0.04319550975094479,0,0,45.756410256410255,299.5163183389199,PTEN;PLCG2
GO_Biological_Process_2023,Glycerophospholipid Biosynthetic Process (GO:0046474),0.0016375046750268987,0.04319550975094479,0,0,42.476190476190474,272.46699562136996,PTEN;PLCG2
GO_Biological_Process_2023,Second-Messenger-Mediated Signaling (GO:0019932),0.0016375046750268987,0.04319550975094479,0,0,42.476190476190474,272.46699562136996,DDAH1;PLCG2
GO_Biological_Process_2023,Negative Regulation Of Cellular Process (GO:0048523),0.0018987283178245615,0.04319550975094479,0,0,9.690140845070422,60.7239548624329,DDAH1;PTEN;EIF2AK2;MIA3
GO_Biological_Process_2023,Regulation Of Epithelial Cell Migration (GO:0010632),0.0020785467444257902,0.04319550975094479,0,0,37.145833333333336,229.4158727244498,PLCG2;PTN
GO_Biological_Process_2023,Wnt Signaling Pathway (GO:0016055),0.0020785467444257902,0.04319550975094479,0,0,37.145833333333336,229.4158727244498,PTEN;PLCG2
GO_Biological_Process_2023,Regulation Of Stem Cell Differentiation (GO:2000736),0.0023179180728351368,0.04319550975094479,0,0,34.950980392156865,212.05059958017281,EIF2AK2;PTN
GO_Biological_Process_2023,Phosphatidylinositol-Mediated Signaling (GO:0048015),0.0023179180728351368,0.04319550975094479,0,0,34.950980392156865,212.05059958017281,PTEN;PLCG2
GO_Biological_Process_2023,Protein Modification Process (GO:0036211),0.0026018520641350445,0.04319550975094479,0,0,8.843870967741935,52.634578903260184,COL3A1;PTEN;EIF2AK2;FBXO11
GO_Biological_Process_2023,Integrin-Mediated Signaling Pathway (GO:0007229),0.003699814408720875,0.04319550975094479,0,0,26.96969696969697,151.0160797621728,COL3A1;PTN
GO_Biological_Process_2023,Negative Regulation Of Dendritic Spine Development (GO:0061000),0.003893157531201033,0.04319550975094479,0,0,inf,inf,PTEN
GO_Biological_Process_2023,Negative Regulation Of Excitatory Postsynaptic Potential (GO:0090394),0.003893157531201033,0.04319550975094479,0,0,inf,inf,PTEN
GO_Biological_Process_2023,Positive Regulation Of Interleukin-23 Production (GO:0032747),0.003893157531201033,0.04319550975094479,0,0,inf,inf,PLCG2
GO_Biological_Process_2023,Positive Regulation Of Macrophage Cytokine Production (GO:0060907),0.003893157531201033,0.04319550975094479,0,0,inf,inf,PLCG2
GO_Biological_Process_2023,Regulation Of Macrophage Cytokine Production (GO:0010935),0.003893157531201033,0.04319550975094479,0,0,inf,inf,PLCG2
GO_Biological_Process_2023,Regulation Of Nuclear Cell Cycle DNA Replication (GO:0033262),0.003893157531201033,0.04319550975094479,0,0,inf,inf,ATRX
GO_Biological_Process_2023,Postsynaptic Density Assembly (GO:0097107),0.003893157531201033,0.04319550975094479,0,0,inf,inf,PTEN
GO_Biological_Process_2023,Postsynaptic Density Organization (GO:0097106),0.003893157531201033,0.04319550975094479,0,0,inf,inf,PTEN
GO_Biological_Process_2023,Prepulse Inhibition (GO:0060134),0.003893157531201033,0.04319550975094479,0,0,inf,inf,PTEN
GO_Biological_Process_2023,Presynapse Assembly (GO:0099054),0.003893157531201033,0.04319550975094479,0,0,inf,inf,PTEN
GO_Biological_Process_2023,Presynaptic Membrane Assembly (GO:0097105),0.003893157531201033,0.04319550975094479,0,0,inf,inf,PTEN
GO_Biological_Process_2023,Presynaptic Membrane Organization (GO:0097090),0.003893157531201033,0.04319550975094479,0,0,inf,inf,PTEN
GO_Biological_Process_2023,Phosphatidylethanolamine Acyl-Chain Remodeling (GO:0036152),0.003893157531201033,0.04319550975094479,0,0,inf,inf,LPGAT1
GO_Biological_Process_2023,Phosphatidylglycerol Acyl-Chain Remodeling (GO:0036148),0.003893157531201033,0.04319550975094479,0,0,inf,inf,LPGAT1
GO_Biological_Process_2023,Phosphatidylinositol Acyl-Chain Remodeling (GO:0036149),0.003893157531201033,0.04319550975094479,0,0,inf,inf,LPGAT1
GO_Biological_Process_2023,Phosphatidylinositol Dephosphorylation (GO:0046856),0.003893157531201033,0.04319550975094479,0,0,inf,inf,PTEN
GO_Biological_Process_2023,Proton-Transporting ATP Synthase Complex Assembly (GO:0043461),0.003893157531201033,0.04319550975094479,0,0,inf,inf,TMEM70
GO_Biological_Process_2023,Mitochondrial Proton-Transporting ATP Synthase Complex Assembly (GO:0033615),0.003893157531201033,0.04319550975094479,0,0,inf,inf,TMEM70
GO_Biological_Process_2023,Modulation Of Excitatory Postsynaptic Potential (GO:0098815),0.003893157531201033,0.04319550975094479,0,0,inf,inf,PTEN
GO_Biological_Process_2023,Positive Regulation Of Actin Cytoskeleton Reorganization (GO:2000251),0.003893157531201033,0.04319550975094479,0,0,inf,inf,BAIAP2L1
GO_Biological_Process_2023,Positive Regulation Of Calcium-Mediated Signaling (GO:0050850),0.003893157531201033,0.04319550975094479,0,0,inf,inf,PLCG2
GO_Biological_Process_2023,Dendrite Arborization (GO:0140059),0.003893157531201033,0.04319550975094479,0,0,inf,inf,PTN
GO_Biological_Process_2023,Positive Regulation Of Dendritic Cell Cytokine Production (GO:0002732),0.003893157531201033,0.04319550975094479,0,0,inf,inf,PLCG2
GO_Biological_Process_2023,Positive Regulation Of Excitatory Postsynaptic Potential (GO:2000463),0.003893157531201033,0.04319550975094479,0,0,inf,inf,PTEN
GO_Biological_Process_2023,Circulatory System Development (GO:0072359),0.004012601890983822,0.04348540653949909,0,0,25.78985507246377,142.31655434455624,COL3A1;PTEN
GO_Biological_Process_2023,Wound Healing (GO:0042060),0.004337327402299435,0.04584651222434918,0,0,24.708333333333332,134.42561155839286,COL3A1;MIA3
GO_Biological_Process_2023,Regulation Of Cell Cycle G1/S Phase Transition (GO:1902806),0.004673906862533763,0.04584651222434918,0,0,23.713333333333335,127.24005475002794,PTEN;PLCG2
GO_Biological_Process_2023,Negative Regulation Of Cell Population Proliferation (GO:0008285),0.005420000426595088,0.04584651222434918,0,0,10.2316715542522,53.385377107470575,DDAH1;PTEN;EIF2AK2
GO_Biological_Process_2023,Regulation Of Neuron Projection Development (GO:0010975),0.005753934027785344,0.04584651222434918,0,0,21.154761904761905,109.11354308145934,PTEN;PTN
GO_Biological_Process_2023,Regulation Of Cell Population Proliferation (GO:0042127),0.005767407814508931,0.04584651222434918,0,0,6.985567010309278,36.01431811343523,DDAH1;PTEN;EIF2AK2;PTN
GO_Biological_Process_2023,Response To Cytokine (GO:0034097),0.006937657508209028,0.04584651222434918,0,0,19.091397849462364,94.899350445672,COL3A1;EIF2AK2
GO_Biological_Process_2023,Heart Development (GO:0007507),0.007354893284661611,0.04584651222434918,0,0,18.489583333333332,90.82803381048902,COL3A1;PTEN
GO_Biological_Process_2023,B Cell Receptor Signaling Pathway (GO:0050853),0.007772262801981941,0.04584651222434918,0,0,275.46153846153845,1337.9701136914318,PLCG2
GO_Biological_Process_2023,Negative Regulation Of Leukocyte Cell-Cell Adhesion (GO:1903038),0.007772262801981941,0.04584651222434918,0,0,275.46153846153845,1337.9701136914318,MIA3
GO_Biological_Process_2023,Telomere Maintenance Via Recombination (GO:0000722),0.007772262801981941,0.04584651222434918,0,0,275.46153846153845,1337.9701136914318,PTEN
GO_Biological_Process_2023,Negative Regulation Of Lymphocyte Migration (GO:2000402),0.007772262801981941,0.04584651222434918,0,0,275.46153846153845,1337.9701136914318,MIA3
GO_Biological_Process_2023,Transmembrane Receptor Protein Tyrosine Phosphatase Signaling Pathway (GO:0007185),0.007772262801981941,0.04584651222434918,0,0,275.46153846153845,1337.9701136914318,PTN
GO_Biological_Process_2023,Triglyceride Biosynthetic Process (GO:0019432),0.007772262801981941,0.04584651222434918,0,0,275.46153846153845,1337.9701136914318,LPGAT1
GO_Biological_Process_2023,Negative Regulation Of Neural Precursor Cell Proliferation (GO:2000178),0.007772262801981941,0.04584651222434918,0,0,275.46153846153845,1337.9701136914318,PTN
GO_Biological_Process_2023,Negative Regulation Of Neuron Migration (GO:2001223),0.007772262801981941,0.04584651222434918,0,0,275.46153846153845,1337.9701136914318,COL3A1
GO_Biological_Process_2023,Regulation Of Hematopoietic Stem Cell Proliferation (GO:1902033),0.007772262801981941,0.04584651222434918,0,0,275.46153846153845,1337.9701136914318,EIF2AK2
GO_Biological_Process_2023,Negative Regulation Of Osteoblast Proliferation (GO:0033689),0.007772262801981941,0.04584651222434918,0,0,275.46153846153845,1337.9701136914318,EIF2AK2
GO_Biological_Process_2023,Positive Regulation Of Oligodendrocyte Differentiation (GO:0048714),0.007772262801981941,0.04584651222434918,0,0,275.46153846153845,1337.9701136914318,PTN
GO_Biological_Process_2023,Regulation Of Interleukin-23 Production (GO:0032667),0.007772262801981941,0.04584651222434918,0,0,275.46153846153845,1337.9701136914318,PLCG2
GO_Biological_Process_2023,Antifungal Innate Immune Response (GO:0061760),0.007772262801981941,0.04584651222434918,0,0,275.46153846153845,1337.9701136914318,PLCG2
GO_Biological_Process_2023,Negative Regulation Of Vascular Permeability (GO:0043116),0.007772262801981941,0.04584651222434918,0,0,275.46153846153845,1337.9701136914318,DDAH1
GO_Biological_Process_2023,Arginine Metabolic Process (GO:0006525),0.007772262801981941,0.04584651222434918,0,0,275.46153846153845,1337.9701136914318,DDAH1
GO_Biological_Process_2023,Leukocyte Chemotaxis Involved In Inflammatory Response (GO:0002232),0.007772262801981941,0.04584651222434918,0,0,275.46153846153845,1337.9701136914318,PTN
GO_Biological_Process_2023,Oogenesis (GO:0048477),0.007772262801981941,0.04584651222434918,0,0,275.46153846153845,1337.9701136914318,PTN
GO_Biological_Process_2023,Protein Localization To Endoplasmic Reticulum Exit Site (GO:0070973),0.007772262801981941,0.04584651222434918,0,0,275.46153846153845,1337.9701136914318,MIA3
GO_Biological_Process_2023,Phosphatidylglycerol Metabolic Process (GO:0046471),0.007772262801981941,0.04584651222434918,0,0,275.46153846153845,1337.9701136914318,LPGAT1
GO_Biological_Process_2023,Regulation Of Systemic Arterial Blood Pressure (GO:0003073),0.007772262801981941,0.04584651222434918,0,0,275.46153846153845,1337.9701136914318,DDAH1
GO_Biological_Process_2023,Cellular Response To Oxidised Low-Density Lipoprotein Particle Stimulus (GO:0140052),0.007772262801981941,0.04584651222434918,0,0,275.46153846153845,1337.9701136914318,MIA3
GO_Biological_Process_2023,Mitotic Recombination (GO:0006312),0.007772262801981941,0.04584651222434918,0,0,275.46153846153845,1337.9701136914318,PTEN
GO_Biological_Process_2023,Positive Regulation Of I-kappaB Phosphorylation (GO:1903721),0.007772262801981941,0.04584651222434918,0,0,275.46153846153845,1337.9701136914318,PLCG2
GO_Biological_Process_2023,"Regulation Of Wound Healing, Spreading Of Epidermal Cells (GO:1903689)",0.007772262801981941,0.04584651222434918,0,0,275.46153846153845,1337.9701136914318,PTEN
GO_Biological_Process_2023,Citrulline Metabolic Process (GO:0000052),0.007772262801981941,0.04584651222434918,0,0,275.46153846153845,1337.9701136914318,DDAH1
GO_Biological_Process_2023,Regulation Of I-kappaB Phosphorylation (GO:1903719),0.007772262801981941,0.04584651222434918,0,0,275.46153846153845,1337.9701136914318,PLCG2
GO_Biological_Process_2023,Dendritic Spine Morphogenesis (GO:0060997),0.007772262801981941,0.04584651222434918,0,0,275.46153846153845,1337.9701136914318,PTEN
GO_Biological_Process_2023,Positive Regulation Of Dendrite Development (GO:1900006),0.007772262801981941,0.04584651222434918,0,0,275.46153846153845,1337.9701136914318,PTN
GO_Biological_Process_2023,Negative Regulation Of Cellular Senescence (GO:2000773),0.007772262801981941,0.04584651222434918,0,0,275.46153846153845,1337.9701136914318,PTEN
GO_Biological_Process_2023,Positive Regulation Of NF-kappaB Transcription Factor Activity (GO:0051092),0.009134986225696943,0.04629930704616745,0,0,16.416666666666668,77.0868157176386,PLCG2;EIF2AK2
GO_Biological_Process_2023,Regulation Of Cellular Response To Hypoxia (GO:1900037),0.011637344016755206,0.04629930704616745,0,0,137.69230769230768,613.2176547343229,DDAH1
GO_Biological_Process_2023,Positive Regulation Of Immune System Process (GO:0002684),0.011637344016755206,0.04629930704616745,0,0,137.69230769230768,613.2176547343229,MIA3
GO_Biological_Process_2023,Excitatory Synapse Assembly (GO:1904861),0.011637344016755206,0.04629930704616745,0,0,137.69230769230768,613.2176547343229,PTEN
GO_Biological_Process_2023,Regulation Of Dendrite Development (GO:0050773),0.011637344016755206,0.04629930704616745,0,0,137.69230769230768,613.2176547343229,PTN
GO_Biological_Process_2023,DNA-templated DNA Replication Maintenance Of Fidelity (GO:0045005),0.011637344016755206,0.04629930704616745,0,0,137.69230769230768,613.2176547343229,ATRX
GO_Biological_Process_2023,Fc Receptor Signaling Pathway (GO:0038093),0.011637344016755206,0.04629930704616745,0,0,137.69230769230768,613.2176547343229,PLCG2
GO_Biological_Process_2023,Fc-epsilon Receptor Signaling Pathway (GO:0038095),0.011637344016755206,0.04629930704616745,0,0,137.69230769230768,613.2176547343229,PLCG2
GO_Biological_Process_2023,Positive Regulation Of Membrane Invagination (GO:1905155),0.011637344016755206,0.04629930704616745,0,0,137.69230769230768,613.2176547343229,PLCG2
GO_Biological_Process_2023,Positive Regulation Of Myeloid Leukocyte Cytokine Production Involved In Immune Response (GO:0061081),0.011637344016755206,0.04629930704616745,0,0,137.69230769230768,613.2176547343229,PLCG2
GO_Biological_Process_2023,Negative Regulation Of Peptidyl-Serine Phosphorylation (GO:0033137),0.011637344016755206,0.04629930704616745,0,0,137.69230769230768,613.2176547343229,PTEN
GO_Biological_Process_2023,"Positive Regulation Of Phagocytosis, Engulfment (GO:0060100)",0.011637344016755206,0.04629930704616745,0,0,137.69230769230768,613.2176547343229,PLCG2
GO_Biological_Process_2023,Actin Crosslink Formation (GO:0051764),0.011637344016755206,0.04629930704616745,0,0,137.69230769230768,613.2176547343229,BAIAP2L1
GO_Biological_Process_2023,Regulation Of Leukocyte Cell-Cell Adhesion (GO:1903037),0.011637344016755206,0.04629930704616745,0,0,137.69230769230768,613.2176547343229,MIA3
GO_Biological_Process_2023,Acylglycerol Biosynthetic Process (GO:0046463),0.011637344016755206,0.04629930704616745,0,0,137.69230769230768,613.2176547343229,LPGAT1
GO_Biological_Process_2023,Regulation Of Lymphocyte Migration (GO:2000401),0.011637344016755206,0.04629930704616745,0,0,137.69230769230768,613.2176547343229,MIA3
GO_Biological_Process_2023,Positive Regulation Of Reactive Oxygen Species Biosynthetic Process (GO:1903428),0.011637344016755206,0.04629930704616745,0,0,137.69230769230768,613.2176547343229,PLCG2
GO_Biological_Process_2023,Positive Regulation Of Stem Cell Differentiation (GO:2000738),0.011637344016755206,0.04629930704616745,0,0,137.69230769230768,613.2176547343229,PTN
GO_Biological_Process_2023,Arginine Catabolic Process (GO:0006527),0.011637344016755206,0.04629930704616745,0,0,137.69230769230768,613.2176547343229,DDAH1
GO_Biological_Process_2023,Neuron Projection Arborization (GO:0140058),0.011637344016755206,0.04629930704616745,0,0,137.69230769230768,613.2176547343229,PTN
GO_Biological_Process_2023,Neuron Projection Regeneration (GO:0031102),0.011637344016755206,0.04629930704616745,0,0,137.69230769230768,613.2176547343229,PTN
GO_Biological_Process_2023,Positive Regulation Of Ubiquitin Protein Ligase Activity (GO:1904668),0.011637344016755206,0.04629930704616745,0,0,137.69230769230768,613.2176547343229,PTEN
GO_Biological_Process_2023,Learning (GO:0007612),0.011637344016755206,0.04629930704616745,0,0,137.69230769230768,613.2176547343229,PTN
GO_Biological_Process_2023,Regulation Of Organ Growth (GO:0046620),0.011637344016755206,0.04629930704616745,0,0,137.69230769230768,613.2176547343229,PTEN
GO_Biological_Process_2023,Regulation Of Osteoblast Proliferation (GO:0033688),0.011637344016755206,0.04629930704616745,0,0,137.69230769230768,613.2176547343229,EIF2AK2
GO_Biological_Process_2023,"Regulation Of Phagocytosis, Engulfment (GO:0060099)",0.011637344016755206,0.04629930704616745,0,0,137.69230769230768,613.2176547343229,PLCG2
GO_Biological_Process_2023,Lipopolysaccharide-Mediated Signaling Pathway (GO:0031663),0.011637344016755206,0.04629930704616745,0,0,137.69230769230768,613.2176547343229,PLCG2
GO_Biological_Process_2023,Macrophage Activation Involved In Immune Response (GO:0002281),0.011637344016755206,0.04629930704616745,0,0,137.69230769230768,613.2176547343229,PLCG2
GO_Biological_Process_2023,Receptor Clustering (GO:0043113),0.011637344016755206,0.04629930704616745,0,0,137.69230769230768,613.2176547343229,PTN
GO_Biological_Process_2023,Central Nervous System Myelination (GO:0022010),0.011637344016755206,0.04629930704616745,0,0,137.69230769230768,613.2176547343229,PTEN
GO_Biological_Process_2023,Myeloid Cell Activation Involved In Immune Response (GO:0002275),0.011637344016755206,0.04629930704616745,0,0,137.69230769230768,613.2176547343229,PLCG2
GO_Biological_Process_2023,Response To Auditory Stimulus (GO:0010996),0.011637344016755206,0.04629930704616745,0,0,137.69230769230768,613.2176547343229,PTN
GO_Biological_Process_2023,Response To Axon Injury (GO:0048678),0.011637344016755206,0.04629930704616745,0,0,137.69230769230768,613.2176547343229,PLCG2
GO_Biological_Process_2023,Defense Response To Fungus (GO:0050832),0.011637344016755206,0.04629930704616745,0,0,137.69230769230768,613.2176547343229,PLCG2
GO_Biological_Process_2023,Regulation Of Axon Regeneration (GO:0048679),0.011637344016755206,0.04629930704616745,0,0,137.69230769230768,613.2176547343229,PTN
GO_Biological_Process_2023,Positive Regulation Of Extrinsic Apoptotic Signaling Pathway Via Death Domain Receptors (GO:1902043),0.011637344016755206,0.04629930704616745,0,0,137.69230769230768,613.2176547343229,PTEN
GO_Biological_Process_2023,Positive Regulation Of Fatty Acid Biosynthetic Process (GO:0045723),0.011637344016755206,0.04629930704616745,0,0,137.69230769230768,613.2176547343229,LPGAT1
GO_Biological_Process_2023,Negative Regulation Of Cell Motility (GO:2000146),0.013212185889068803,0.04629930704616745,0,0,13.401515151515152,57.983205882965436,PTEN;MIA3
GO_Biological_Process_2023,Positive Regulation Of MAPK Cascade (GO:0043410),0.01433555940390932,0.04629930704616745,0,0,12.81159420289855,54.38537313885869,PLCG2;EIF2AK2
GO_Biological_Process_2023,Regulation Of MAPK Cascade (GO:0043408),0.0149124361143626,0.04629930704616745,0,0,12.535460992907801,52.71863052037542,PLCG2;EIF2AK2
GO_Biological_Process_2023,Negative Regulation Of Epithelial To Mesenchymal Transition (GO:0010719),0.015488444844773238,0.04629930704616745,0,0,91.76923076923077,382.46304655113926,PTEN
GO_Biological_Process_2023,COPII-coated Vesicle Cargo Loading (GO:0090110),0.015488444844773238,0.04629930704616745,0,0,91.76923076923077,382.46304655113926,MIA3
GO_Biological_Process_2023,Negative Regulation Of Focal Adhesion Assembly (GO:0051895),0.015488444844773238,0.04629930704616745,0,0,91.76923076923077,382.46304655113926,PTEN
GO_Biological_Process_2023,DNA Alkylation (GO:0006305),0.015488444844773238,0.04629930704616745,0,0,91.76923076923077,382.46304655113926,ATRX
GO_Biological_Process_2023,DNA Methylation (GO:0006306),0.015488444844773238,0.04629930704616745,0,0,91.76923076923077,382.46304655113926,ATRX
GO_Biological_Process_2023,Negative Regulation Of Long-Term Synaptic Potentiation (GO:1900272),0.015488444844773238,0.04629930704616745,0,0,91.76923076923077,382.46304655113926,PTN
GO_Biological_Process_2023,Toll-Like Receptor Signaling Pathway (GO:0002224),0.015488444844773238,0.04629930704616745,0,0,91.76923076923077,382.46304655113926,PLCG2
GO_Biological_Process_2023,Negative Regulation Of Mononuclear Cell Migration (GO:0071676),0.015488444844773238,0.04629930704616745,0,0,91.76923076923077,382.46304655113926,MIA3
GO_Biological_Process_2023,Glutamine Family Amino Acid Catabolic Process (GO:0009065),0.015488444844773238,0.04629930704616745,0,0,91.76923076923077,382.46304655113926,DDAH1
GO_Biological_Process_2023,Triglyceride Metabolic Process (GO:0006641),0.015488444844773238,0.04629930704616745,0,0,91.76923076923077,382.46304655113926,LPGAT1
GO_Biological_Process_2023,Regulation Of Hematopoietic Progenitor Cell Differentiation (GO:1901532),0.015488444844773238,0.04629930704616745,0,0,91.76923076923077,382.46304655113926,EIF2AK2
GO_Biological_Process_2023,Regulation Of Hematopoietic Stem Cell Differentiation (GO:1902036),0.015488444844773238,0.04629930704616745,0,0,91.76923076923077,382.46304655113926,EIF2AK2
GO_Biological_Process_2023,Regulation Of Hemoglobin Biosynthetic Process (GO:0046984),0.015488444844773238,0.04629930704616745,0,0,91.76923076923077,382.46304655113926,EIF2AK2
GO_Biological_Process_2023,Regulation Of Hepatocyte Proliferation (GO:2000345),0.015488444844773238,0.04629930704616745,0,0,91.76923076923077,382.46304655113926,PTN
GO_Biological_Process_2023,Negative Regulation Of Phosphatidylinositol 3-Kinase Signaling (GO:0014067),0.015488444844773238,0.04629930704616745,0,0,91.76923076923077,382.46304655113926,PTEN
GO_Biological_Process_2023,Regulation Of Keratinocyte Migration (GO:0051547),0.015488444844773238,0.04629930704616745,0,0,91.76923076923077,382.46304655113926,PTEN
GO_Biological_Process_2023,Regulation Of Leukocyte Migration (GO:0002685),0.015488444844773238,0.04629930704616745,0,0,91.76923076923077,382.46304655113926,MIA3
GO_Biological_Process_2023,Positive Regulation Of Stress-Activated Protein Kinase Signaling Cascade (GO:0070304),0.015488444844773238,0.04629930704616745,0,0,91.76923076923077,382.46304655113926,EIF2AK2
GO_Biological_Process_2023,Regulation Of Monooxygenase Activity (GO:0032768),0.015488444844773238,0.04629930704616745,0,0,91.76923076923077,382.46304655113926,DDAH1
GO_Biological_Process_2023,Nitric Oxide Mediated Signal Transduction (GO:0007263),0.015488444844773238,0.04629930704616745,0,0,91.76923076923077,382.46304655113926,DDAH1
GO_Biological_Process_2023,Regulation Of Oligodendrocyte Differentiation (GO:0048713),0.015488444844773238,0.04629930704616745,0,0,91.76923076923077,382.46304655113926,PTN
GO_Biological_Process_2023,Locomotor Rhythm (GO:0045475),0.015488444844773238,0.04629930704616745,0,0,91.76923076923077,382.46304655113926,PTEN
GO_Biological_Process_2023,Cell Migration Involved In Sprouting Angiogenesis (GO:0002042),0.015488444844773238,0.04629930704616745,0,0,91.76923076923077,382.46304655113926,MIA3
GO_Biological_Process_2023,"Protein Localization To Chromosome, Telomeric Region (GO:0070198)",0.015488444844773238,0.04629930704616745,0,0,91.76923076923077,382.46304655113926,ATRX
GO_Biological_Process_2023,Phospholipid Dephosphorylation (GO:0046839),0.015488444844773238,0.04629930704616745,0,0,91.76923076923077,382.46304655113926,PTEN
GO_Biological_Process_2023,Cellular Response To Inorganic Substance (GO:0071241),0.015488444844773238,0.04629930704616745,0,0,91.76923076923077,382.46304655113926,ATRX
GO_Biological_Process_2023,Cellular Response To Nitrogen Compound (GO:1901699),0.015488444844773238,0.04629930704616745,0,0,91.76923076923077,382.46304655113926,ATRX
GO_Biological_Process_2023,Positive Regulation Of NLRP3 Inflammasome Complex Assembly (GO:1900227),0.015488444844773238,0.04629930704616745,0,0,91.76923076923077,382.46304655113926,PLCG2
GO_Biological_Process_2023,Positive Regulation Of Rho Protein Signal Transduction (GO:0035025),0.015488444844773238,0.04629930704616745,0,0,91.76923076923077,382.46304655113926,COL3A1
GO_Biological_Process_2023,Negative Regulation Of Axonogenesis (GO:0050771),0.015488444844773238,0.04629930704616745,0,0,91.76923076923077,382.46304655113926,PTEN
GO_Biological_Process_2023,Positive Regulation Of Cytokine Production Involved In Immune Response (GO:0002720),0.015488444844773238,0.04629930704616745,0,0,91.76923076923077,382.46304655113926,PLCG2
GO_Biological_Process_2023,Regulation Of Calcium-Mediated Signaling (GO:0050848),0.015488444844773238,0.04629930704616745,0,0,91.76923076923077,382.46304655113926,PLCG2
GO_Biological_Process_2023,Negative Regulation Of Cell Cycle Phase Transition (GO:1901988),0.015488444844773238,0.04629930704616745,0,0,91.76923076923077,382.46304655113926,PTEN
GO_Biological_Process_2023,Negative Regulation Of Cell Size (GO:0045792),0.015488444844773238,0.04629930704616745,0,0,91.76923076923077,382.46304655113926,PTEN
GO_Biological_Process_2023,Negative Regulation Of Cell-Substrate Junction Organization (GO:0150118),0.015488444844773238,0.04629930704616745,0,0,91.76923076923077,382.46304655113926,PTEN
GO_Biological_Process_2023,Positive Regulation Of Fatty Acid Metabolic Process (GO:0045923),0.015488444844773238,0.04629930704616745,0,0,91.76923076923077,382.46304655113926,LPGAT1
GO_Biological_Process_2023,Mitochondrion Organization (GO:0007005),0.015499338839489533,0.04629930704616745,0,0,12.270833333333334,51.13204603882894,TMEM70;CEP89
GO_Biological_Process_2023,Stimulatory C-type Lectin Receptor Signaling Pathway (GO:0002223),0.019325610631982272,0.05031136622627787,0,0,68.8076923076923,271.5374535230203,PLCG2
GO_Biological_Process_2023,Female Gamete Generation (GO:0007292),0.019325610631982272,0.05031136622627787,0,0,68.8076923076923,271.5374535230203,PTN
GO_Biological_Process_2023,Positive Regulation Of Neuroinflammatory Response (GO:0150078),0.019325610631982272,0.05031136622627787,0,0,68.8076923076923,271.5374535230203,PLCG2
GO_Biological_Process_2023,Regulation Of Leukocyte Chemotaxis (GO:0002688),0.019325610631982272,0.05031136622627787,0,0,68.8076923076923,271.5374535230203,PTN
GO_Biological_Process_2023,Innate Immune Response Activating Cell Surface Receptor Signaling Pathway (GO:0002220),0.019325610631982272,0.05031136622627787,0,0,68.8076923076923,271.5374535230203,PLCG2
GO_Biological_Process_2023,Negative Regulation Of Vascular Associated Smooth Muscle Cell Proliferation (GO:1904706),0.019325610631982272,0.05031136622627787,0,0,68.8076923076923,271.5374535230203,PTEN
GO_Biological_Process_2023,Negative Regulation Of Wound Healing (GO:0061045),0.019325610631982272,0.05031136622627787,0,0,68.8076923076923,271.5374535230203,PTEN
GO_Biological_Process_2023,Antiviral Innate Immune Response (GO:0140374),0.019325610631982272,0.05031136622627787,0,0,68.8076923076923,271.5374535230203,EIF2AK2
GO_Biological_Process_2023,Regulation Of Myelination (GO:0031641),0.019325610631982272,0.05031136622627787,0,0,68.8076923076923,271.5374535230203,PTN
GO_Biological_Process_2023,Regulation Of Ossification (GO:0030278),0.019325610631982272,0.05031136622627787,0,0,68.8076923076923,271.5374535230203,PTN
GO_Biological_Process_2023,Lipoprotein Localization (GO:0044872),0.019325610631982272,0.05031136622627787,0,0,68.8076923076923,271.5374535230203,MIA3
GO_Biological_Process_2023,Brain Morphogenesis (GO:0048854),0.019325610631982272,0.05031136622627787,0,0,68.8076923076923,271.5374535230203,PTEN
GO_Biological_Process_2023,Lipoprotein Transport (GO:0042953),0.019325610631982272,0.05031136622627787,0,0,68.8076923076923,271.5374535230203,MIA3
GO_Biological_Process_2023,Regulation Of Plasma Membrane Bounded Cell Projection Organization (GO:0120035),0.019325610631982272,0.05031136622627787,0,0,68.8076923076923,271.5374535230203,PTEN
GO_Biological_Process_2023,Pattern Recognition Receptor Signaling Pathway (GO:0002221),0.019325610631982272,0.05031136622627787,0,0,68.8076923076923,271.5374535230203,PLCG2
GO_Biological_Process_2023,Regulation Of Reactive Oxygen Species Biosynthetic Process (GO:1903426),0.019325610631982272,0.05031136622627787,0,0,68.8076923076923,271.5374535230203,PLCG2
GO_Biological_Process_2023,Cellular Response To Lectin (GO:1990858),0.019325610631982272,0.05031136622627787,0,0,68.8076923076923,271.5374535230203,PLCG2
GO_Biological_Process_2023,Central Nervous System Neuron Axonogenesis (GO:0021955),0.019325610631982272,0.05031136622627787,0,0,68.8076923076923,271.5374535230203,PTEN
GO_Biological_Process_2023,Central Nervous System Neuron Development (GO:0021954),0.019325610631982272,0.05031136622627787,0,0,68.8076923076923,271.5374535230203,PTEN
GO_Biological_Process_2023,Dendritic Spine Organization (GO:0097061),0.019325610631982272,0.05031136622627787,0,0,68.8076923076923,271.5374535230203,PTEN
GO_Biological_Process_2023,Positive Regulation Of Cell Cycle Phase Transition (GO:1901989),0.019325610631982272,0.05031136622627787,0,0,68.8076923076923,271.5374535230203,PLCG2
GO_Biological_Process_2023,Negative Regulation Of Cyclin-Dependent Protein Kinase Activity (GO:1904030),0.019325610631982272,0.05031136622627787,0,0,68.8076923076923,271.5374535230203,PTEN
GO_Biological_Process_2023,Negative Regulation Of Cyclin-Dependent Protein Serine/Threonine Kinase Activity (GO:0045736),0.019325610631982272,0.05031136622627787,0,0,68.8076923076923,271.5374535230203,PTEN
GO_Biological_Process_2023,Negative Regulation Of Developmental Growth (GO:0048640),0.023148887210758567,0.054207946935746196,0,0,55.03076923076923,207.23534228689255,PTEN
GO_Biological_Process_2023,Positive Regulation Of Interleukin-12 Production (GO:0032735),0.023148887210758567,0.054207946935746196,0,0,55.03076923076923,207.23534228689255,PLCG2
GO_Biological_Process_2023,Positive Regulation Of Interleukin-2 Production (GO:0032743),0.023148887210758567,0.054207946935746196,0,0,55.03076923076923,207.23534228689255,PLCG2
GO_Biological_Process_2023,Regulation Of Dendritic Spine Morphogenesis (GO:0061001),0.023148887210758567,0.054207946935746196,0,0,55.03076923076923,207.23534228689255,PTEN
GO_Biological_Process_2023,Regulation Of Hemopoiesis (GO:1903706),0.023148887210758567,0.054207946935746196,0,0,55.03076923076923,207.23534228689255,PTN
GO_Biological_Process_2023,Positive Regulation Of Ossification (GO:0045778),0.023148887210758567,0.054207946935746196,0,0,55.03076923076923,207.23534228689255,PTN
GO_Biological_Process_2023,Regulation Of Long-Term Synaptic Potentiation (GO:1900271),0.023148887210758567,0.054207946935746196,0,0,55.03076923076923,207.23534228689255,PTN
GO_Biological_Process_2023,Negative Regulation Of Sequestering Of Calcium Ion (GO:0051283),0.023148887210758567,0.054207946935746196,0,0,55.03076923076923,207.23534228689255,PLCG2
GO_Biological_Process_2023,Regulation Of Neuroblast Proliferation (GO:1902692),0.023148887210758567,0.054207946935746196,0,0,55.03076923076923,207.23534228689255,PTN
GO_Biological_Process_2023,Regulation Of Neuroinflammatory Response (GO:0150077),0.023148887210758567,0.054207946935746196,0,0,55.03076923076923,207.23534228689255,PLCG2
GO_Biological_Process_2023,Macrophage Activation (GO:0042116),0.023148887210758567,0.054207946935746196,0,0,55.03076923076923,207.23534228689255,PLCG2
GO_Biological_Process_2023,Peptide Cross-Linking (GO:0018149),0.023148887210758567,0.054207946935746196,0,0,55.03076923076923,207.23534228689255,COL3A1
GO_Biological_Process_2023,Cellular Response To Low-Density Lipoprotein Particle Stimulus (GO:0071404),0.023148887210758567,0.054207946935746196,0,0,55.03076923076923,207.23534228689255,MIA3
GO_Biological_Process_2023,Myelin Maintenance (GO:0043217),0.023148887210758567,0.054207946935746196,0,0,55.03076923076923,207.23534228689255,PTEN
GO_Biological_Process_2023,Collagen Fibril Organization (GO:0030199),0.023148887210758567,0.054207946935746196,0,0,55.03076923076923,207.23534228689255,COL3A1
GO_Biological_Process_2023,Positive Regulation Of Bone Mineralization (GO:0030501),0.023148887210758567,0.054207946935746196,0,0,55.03076923076923,207.23534228689255,PTN
GO_Biological_Process_2023,Response To Interferon-Alpha (GO:0035455),0.023148887210758567,0.054207946935746196,0,0,55.03076923076923,207.23534228689255,EIF2AK2
GO_Biological_Process_2023,Negative Regulation Of Cell Junction Assembly (GO:1901889),0.023148887210758567,0.054207946935746196,0,0,55.03076923076923,207.23534228689255,PTEN
GO_Biological_Process_2023,Negative Regulation Of Cell-Matrix Adhesion (GO:0001953),0.023148887210758567,0.054207946935746196,0,0,55.03076923076923,207.23534228689255,PTEN
GO_Biological_Process_2023,Negative Regulation Of Cellular Metabolic Process (GO:0031324),0.023148887210758567,0.054207946935746196,0,0,55.03076923076923,207.23534228689255,PTEN
GO_Biological_Process_2023,Positive Regulation Of Cytokine Production (GO:0001819),0.024007798551812228,0.05593817062572249,0,0,9.620218579234972,35.87741768837627,PLCG2;EIF2AK2
GO_Biological_Process_2023,Nervous System Development (GO:0007399),0.026193200874854643,0.05762650171369857,0,0,9.161458333333334,33.3683711825309,PTEN;PTN
GO_Biological_Process_2023,Positive Regulation Of Cellular Biosynthetic Process (GO:0031328),0.026193200874854643,0.05762650171369857,0,0,9.161458333333334,33.3683711825309,LPGAT1;DDAH1
GO_Biological_Process_2023,Regulation Of Intracellular Signal Transduction (GO:1902531),0.026939358712278275,0.05762650171369857,0,0,9.017948717948718,32.5923718757425,PTEN;PLCG2
GO_Biological_Process_2023,Positive Regulation Of Glial Cell Differentiation (GO:0045687),0.026958320544176587,0.05762650171369857,0,0,45.84615384615385,165.66339387564526,PTN
GO_Biological_Process_2023,Synapse Assembly (GO:0007416),0.026958320544176587,0.05762650171369857,0,0,45.84615384615385,165.66339387564526,PTEN
GO_Biological_Process_2023,Positive Regulation Of Phagocytosis (GO:0050766),0.026958320544176587,0.05762650171369857,0,0,45.84615384615385,165.66339387564526,PLCG2
GO_Biological_Process_2023,Alpha-Amino Acid Metabolic Process (GO:1901605),0.026958320544176587,0.05762650171369857,0,0,45.84615384615385,165.66339387564526,DDAH1
GO_Biological_Process_2023,Negative Regulation Of Translational Initiation (GO:0045947),0.026958320544176587,0.05762650171369857,0,0,45.84615384615385,165.66339387564526,EIF2AK2
GO_Biological_Process_2023,Regulation Of Nitric-Oxide Synthase Activity (GO:0050999),0.026958320544176587,0.05762650171369857,0,0,45.84615384615385,165.66339387564526,DDAH1
GO_Biological_Process_2023,Blood Vessel Endothelial Cell Migration (GO:0043534),0.026958320544176587,0.05762650171369857,0,0,45.84615384615385,165.66339387564526,MIA3
GO_Biological_Process_2023,Calcium Ion Transmembrane Import Into Cytosol (GO:0097553),0.026958320544176587,0.05762650171369857,0,0,45.84615384615385,165.66339387564526,PLCG2
GO_Biological_Process_2023,Cell Surface Receptor Signaling Pathway Involved In Cell-Cell Signaling (GO:1905114),0.026958320544176587,0.05762650171369857,0,0,45.84615384615385,165.66339387564526,PLCG2
GO_Biological_Process_2023,Cell-Cell Signaling By Wnt (GO:0198738),0.026958320544176587,0.05762650171369857,0,0,45.84615384615385,165.66339387564526,PLCG2
GO_Biological_Process_2023,Regulation Of Ubiquitin Protein Ligase Activity (GO:1904666),0.026958320544176587,0.05762650171369857,0,0,45.84615384615385,165.66339387564526,PTEN
GO_Biological_Process_2023,Release Of Sequestered Calcium Ion Into Cytosol (GO:0051209),0.026958320544176587,0.05762650171369857,0,0,45.84615384615385,165.66339387564526,PLCG2
GO_Biological_Process_2023,Replication Fork Processing (GO:0031297),0.026958320544176587,0.05762650171369857,0,0,45.84615384615385,165.66339387564526,ATRX
GO_Biological_Process_2023,Positive Regulation Of Biomineral Tissue Development (GO:0070169),0.026958320544176587,0.05762650171369857,0,0,45.84615384615385,165.66339387564526,PTN
GO_Biological_Process_2023,Regulation Of Actin Cytoskeleton Reorganization (GO:2000249),0.026958320544176587,0.05762650171369857,0,0,45.84615384615385,165.66339387564526,BAIAP2L1
GO_Biological_Process_2023,Regulation Of Cellular Senescence (GO:2000772),0.030753956615210062,0.061507913230420125,0,0,39.285714285714285,136.7825101733201,PTEN
GO_Biological_Process_2023,Positive Regulation Of Interleukin-10 Production (GO:0032733),0.030753956615210062,0.061507913230420125,0,0,39.285714285714285,136.7825101733201,PLCG2
GO_Biological_Process_2023,Negative Regulation Of Immune System Process (GO:0002683),0.030753956615210062,0.061507913230420125,0,0,39.285714285714285,136.7825101733201,COL3A1
GO_Biological_Process_2023,Positive Regulation Of Lipid Biosynthetic Process (GO:0046889),0.030753956615210062,0.061507913230420125,0,0,39.285714285714285,136.7825101733201,LPGAT1
GO_Biological_Process_2023,Regulation Of Fatty Acid Biosynthetic Process (GO:0042304),0.030753956615210062,0.061507913230420125,0,0,39.285714285714285,136.7825101733201,LPGAT1
GO_Biological_Process_2023,Glutamine Family Amino Acid Metabolic Process (GO:0009064),0.030753956615210062,0.061507913230420125,0,0,39.285714285714285,136.7825101733201,DDAH1
GO_Biological_Process_2023,Vesicle Cargo Loading (GO:0035459),0.030753956615210062,0.061507913230420125,0,0,39.285714285714285,136.7825101733201,MIA3
GO_Biological_Process_2023,Inositol Lipid-Mediated Signaling (GO:0048017),0.030753956615210062,0.061507913230420125,0,0,39.285714285714285,136.7825101733201,PLCG2
GO_Biological_Process_2023,Regulation Of Neuron Migration (GO:2001222),0.030753956615210062,0.061507913230420125,0,0,39.285714285714285,136.7825101733201,COL3A1
GO_Biological_Process_2023,Positive Regulation Of Ubiquitin-Protein Transferase Activity (GO:0051443),0.030753956615210062,0.061507913230420125,0,0,39.285714285714285,136.7825101733201,PTEN
GO_Biological_Process_2023,Protein Kinase B Signaling (GO:0043491),0.030753956615210062,0.061507913230420125,0,0,39.285714285714285,136.7825101733201,PTEN
GO_Biological_Process_2023,Phosphatidylcholine Metabolic Process (GO:0046470),0.030753956615210062,0.061507913230420125,0,0,39.285714285714285,136.7825101733201,LPGAT1
GO_Biological_Process_2023,Positive Regulation Of Ras Protein Signal Transduction (GO:0046579),0.030753956615210062,0.061507913230420125,0,0,39.285714285714285,136.7825101733201,COL3A1
GO_Biological_Process_2023,Positive Regulation Of Chromosome Organization (GO:2001252),0.030753956615210062,0.061507913230420125,0,0,39.285714285714285,136.7825101733201,ATRX
GO_Biological_Process_2023,Regulation Of Bone Mineralization (GO:0030500),0.030753956615210062,0.061507913230420125,0,0,39.285714285714285,136.7825101733201,PTN
GO_Biological_Process_2023,Positive Regulation Of Cell Migration (GO:0030335),0.034039442029351843,0.0651566885335334,0,0,7.900900900900901,26.706904656612313,PLCG2;MIA3
GO_Biological_Process_2023,Sprouting Angiogenesis (GO:0002040),0.03453584134717328,0.0651566885335334,0,0,34.36538461538461,115.66555494715303,MIA3
GO_Biological_Process_2023,External Encapsulating Structure Organization (GO:0045229),0.03453584134717328,0.0651566885335334,0,0,34.36538461538461,115.66555494715303,COL3A1
GO_Biological_Process_2023,Extracellular Structure Organization (GO:0043062),0.03453584134717328,0.0651566885335334,0,0,34.36538461538461,115.66555494715303,COL3A1
GO_Biological_Process_2023,Regulation Of Interleukin-10 Production (GO:0032653),0.03453584134717328,0.0651566885335334,0,0,34.36538461538461,115.66555494715303,PLCG2
GO_Biological_Process_2023,Actin Filament Bundle Organization (GO:0061572),0.03453584134717328,0.0651566885335334,0,0,34.36538461538461,115.66555494715303,BAIAP2L1
GO_Biological_Process_2023,Negative Regulation Of Smooth Muscle Cell Proliferation (GO:0048662),0.03453584134717328,0.0651566885335334,0,0,34.36538461538461,115.66555494715303,PTEN
GO_Biological_Process_2023,Integrated Stress Response Signaling (GO:0140467),0.03453584134717328,0.0651566885335334,0,0,34.36538461538461,115.66555494715303,EIF2AK2
GO_Biological_Process_2023,Non-Motile Cilium Assembly (GO:1905515),0.03453584134717328,0.0651566885335334,0,0,34.36538461538461,115.66555494715303,CEP89
GO_Biological_Process_2023,Protein Localization To Endoplasmic Reticulum (GO:0070972),0.03453584134717328,0.0651566885335334,0,0,34.36538461538461,115.66555494715303,MIA3
GO_Biological_Process_2023,Cellular Response To Amino Acid Starvation (GO:0034198),0.03453584134717328,0.0651566885335334,0,0,34.36538461538461,115.66555494715303,EIF2AK2
GO_Biological_Process_2023,Regulation Of Stem Cell Proliferation (GO:0072091),0.03453584134717328,0.0651566885335334,0,0,34.36538461538461,115.66555494715303,EIF2AK2
GO_Biological_Process_2023,Response To Amino Acid Starvation (GO:1990928),0.03453584134717328,0.0651566885335334,0,0,34.36538461538461,115.66555494715303,EIF2AK2
GO_Biological_Process_2023,Negative Regulation Of Cell Projection Organization (GO:0031345),0.03453584134717328,0.0651566885335334,0,0,34.36538461538461,115.66555494715303,PTEN
GO_Biological_Process_2023,Regulation Of Chemokine Production (GO:0032642),0.03830402058140778,0.06891765865226264,0,0,30.53846153846154,99.62258182144907,EIF2AK2
GO_Biological_Process_2023,Positive Regulation Of Nitric Oxide Biosynthetic Process (GO:0045429),0.03830402058140778,0.06891765865226264,0,0,30.53846153846154,99.62258182144907,DDAH1
GO_Biological_Process_2023,Positive Regulation Of Nitric Oxide Metabolic Process (GO:1904407),0.03830402058140778,0.06891765865226264,0,0,30.53846153846154,99.62258182144907,DDAH1
GO_Biological_Process_2023,Actin Filament Bundle Assembly (GO:0051017),0.03830402058140778,0.06891765865226264,0,0,30.53846153846154,99.62258182144907,BAIAP2L1
GO_Biological_Process_2023,Protein Localization To Chromosome (GO:0034502),0.03830402058140778,0.06891765865226264,0,0,30.53846153846154,99.62258182144907,ATRX
GO_Biological_Process_2023,Memory (GO:0007613),0.03830402058140778,0.06891765865226264,0,0,30.53846153846154,99.62258182144907,PTN
GO_Biological_Process_2023,Positive Regulation Of Actin Filament Polymerization (GO:0030838),0.03830402058140778,0.06891765865226264,0,0,30.53846153846154,99.62258182144907,BAIAP2L1
GO_Biological_Process_2023,Positive Regulation Of Chemokine Production (GO:0032722),0.03830402058140778,0.06891765865226264,0,0,30.53846153846154,99.62258182144907,EIF2AK2
GO_Biological_Process_2023,Positive Regulation Of Chemotaxis (GO:0050921),0.03830402058140778,0.06891765865226264,0,0,30.53846153846154,99.62258182144907,PTN
GO_Biological_Process_2023,Regulation Of Axonogenesis (GO:0050770),0.03830402058140778,0.06891765865226264,0,0,30.53846153846154,99.62258182144907,PTEN
GO_Biological_Process_2023,Regulation Of calcineurin-NFAT Signaling Cascade (GO:0070884),0.03830402058140778,0.06891765865226264,0,0,30.53846153846154,99.62258182144907,PLCG2
GO_Biological_Process_2023,Signal Transduction By P53 Class Mediator (GO:0072331),0.03830402058140778,0.06891765865226264,0,0,30.53846153846154,99.62258182144907,ATRX
GO_Biological_Process_2023,Negative Regulation Of Neuron Projection Development (GO:0010977),0.042058540059350155,0.07395954591568744,0,0,27.476923076923075,87.06592887543712,PTEN
GO_Biological_Process_2023,Negative Regulation Of Protein Kinase B Signaling (GO:0051898),0.042058540059350155,0.07395954591568744,0,0,27.476923076923075,87.06592887543712,PTEN
GO_Biological_Process_2023,Canonical Wnt Signaling Pathway (GO:0060070),0.042058540059350155,0.07395954591568744,0,0,27.476923076923075,87.06592887543712,PTEN
GO_Biological_Process_2023,Modulation Of Chemical Synaptic Transmission (GO:0050804),0.042058540059350155,0.07395954591568744,0,0,27.476923076923075,87.06592887543712,PTEN
GO_Biological_Process_2023,Negative Regulation Of Cell Cycle G1/S Phase Transition (GO:1902807),0.042058540059350155,0.07395954591568744,0,0,27.476923076923075,87.06592887543712,PTEN
GO_Biological_Process_2023,Signal Transduction In Response To DNA Damage (GO:0042770),0.042058540059350155,0.07395954591568744,0,0,27.476923076923075,87.06592887543712,ATRX
GO_Biological_Process_2023,Negative Regulation Of Epithelial Cell Migration (GO:0010633),0.04579944540515131,0.07760924203200185,0,0,24.972027972027973,77.00083114379385,PTEN
GO_Biological_Process_2023,Positive Regulation Of Interleukin-6 Production (GO:0032755),0.04579944540515131,0.07760924203200185,0,0,24.972027972027973,77.00083114379385,PLCG2
GO_Biological_Process_2023,Regulation Of Interleukin-12 Production (GO:0032655),0.04579944540515131,0.07760924203200185,0,0,24.972027972027973,77.00083114379385,PLCG2
GO_Biological_Process_2023,Regulation Of Interleukin-2 Production (GO:0032663),0.04579944540515131,0.07760924203200185,0,0,24.972027972027973,77.00083114379385,PLCG2
GO_Biological_Process_2023,Positive Regulation Of Proteolysis Involved In Protein Catabolic Process (GO:1903052),0.04579944540515131,0.07760924203200185,0,0,24.972027972027973,77.00083114379385,PTEN
GO_Biological_Process_2023,Negative Regulation Of Transport (GO:0051051),0.04579944540515131,0.07760924203200185,0,0,24.972027972027973,77.00083114379385,PTEN
GO_Biological_Process_2023,Regulation Of Vascular Associated Smooth Muscle Cell Proliferation (GO:1904705),0.04579944540515131,0.07760924203200185,0,0,24.972027972027973,77.00083114379385,PTEN
GO_Biological_Process_2023,Positive Regulation Of Biosynthetic Process (GO:0009891),0.04579944540515131,0.07760924203200185,0,0,24.972027972027973,77.00083114379385,PLCG2
GO_Biological_Process_2023,Negative Regulation Of G1/S Transition Of Mitotic Cell Cycle (GO:2000134),0.04579944540515131,0.07760924203200185,0,0,24.972027972027973,77.00083114379385,PTEN
GO_Biological_Process_2023,Positive Regulation Of Cell Cycle G1/S Phase Transition (GO:1902808),0.04579944540515131,0.07760924203200185,0,0,24.972027972027973,77.00083114379385,PLCG2
GO_Biological_Process_2023,Positive Regulation Of Multicellular Organismal Process (GO:0051240),0.047312177556300294,0.0798821548595505,0,0,6.5411985018726595,19.957115276315783,EIF2AK2;PTN
GO_Biological_Process_2023,Spermatid Development (GO:0007286),0.0495267821273359,0.08098063323276676,0,0,22.884615384615383,68.77380050287049,FNDC3A
GO_Biological_Process_2023,B Cell Differentiation (GO:0030183),0.0495267821273359,0.08098063323276676,0,0,22.884615384615383,68.77380050287049,PLCG2
GO_Biological_Process_2023,Establishment Of Protein Localization To Extracellular Region (GO:0035592),0.0495267821273359,0.08098063323276676,0,0,22.884615384615383,68.77380050287049,MIA3
GO_Biological_Process_2023,T Cell Receptor Signaling Pathway (GO:0050852),0.0495267821273359,0.08098063323276676,0,0,22.884615384615383,68.77380050287049,PLCG2
GO_Biological_Process_2023,Regulation Of Nervous System Development (GO:0051960),0.0495267821273359,0.08098063323276676,0,0,22.884615384615383,68.77380050287049,PTN
GO_Biological_Process_2023,Positive Regulation Of Tumor Necrosis Factor Production (GO:0032760),0.0495267821273359,0.08098063323276676,0,0,22.884615384615383,68.77380050287049,PLCG2
GO_Biological_Process_2023,Cellular Response To Calcium Ion (GO:0071277),0.0495267821273359,0.08098063323276676,0,0,22.884615384615383,68.77380050287049,PLCG2
GO_Biological_Process_2023,Phosphatidylinositol 3-Kinase Signaling (GO:0014065),0.0495267821273359,0.08098063323276676,0,0,22.884615384615383,68.77380050287049,PTEN
GO_Biological_Process_2023,Regulation Of Cell Size (GO:0008361),0.0495267821273359,0.08098063323276676,0,0,22.884615384615383,68.77380050287049,PTEN
GO_Biological_Process_2023,B Cell Activation (GO:0042113),0.053240595598570556,0.08438815492834653,0,0,21.118343195266274,61.938708860530575,PLCG2
GO_Biological_Process_2023,"DNA Damage Response, Signal Transduction By P53 Class Mediator (GO:0030330)",0.053240595598570556,0.08438815492834653,0,0,21.118343195266274,61.938708860530575,ATRX
GO_Biological_Process_2023,Telomere Organization (GO:0032200),0.053240595598570556,0.08438815492834653,0,0,21.118343195266274,61.938708860530575,ATRX
GO_Biological_Process_2023,Regulation Of Lipid Metabolic Process (GO:0019216),0.053240595598570556,0.08438815492834653,0,0,21.118343195266274,61.938708860530575,PLCG2
GO_Biological_Process_2023,Positive Regulation Of Reactive Oxygen Species Metabolic Process (GO:2000379),0.053240595598570556,0.08438815492834653,0,0,21.118343195266274,61.938708860530575,PLCG2
GO_Biological_Process_2023,Antigen Receptor-Mediated Signaling Pathway (GO:0050851),0.053240595598570556,0.08438815492834653,0,0,21.118343195266274,61.938708860530575,PLCG2
GO_Biological_Process_2023,Positive Regulation Of Tumor Necrosis Factor Superfamily Cytokine Production (GO:1903557),0.053240595598570556,0.08438815492834653,0,0,21.118343195266274,61.938708860530575,PLCG2
GO_Biological_Process_2023,Regulation Of Telomere Maintenance (GO:0032204),0.053240595598570556,0.08438815492834653,0,0,21.118343195266274,61.938708860530575,ATRX
GO_Biological_Process_2023,Enzyme-Linked Receptor Protein Signaling Pathway (GO:0007167),0.053240595598570556,0.08438815492834653,0,0,21.118343195266274,61.938708860530575,PTN
GO_Biological_Process_2023,COPII-coated Vesicle Budding (GO:0090114),0.05694093107482601,0.08699827501924236,0,0,19.604395604395606,56.18111723304145,MIA3
GO_Biological_Process_2023,Negative Regulation Of Immune Response (GO:0050777),0.05694093107482601,0.08699827501924236,0,0,19.604395604395606,56.18111723304145,COL3A1
GO_Biological_Process_2023,Positive Regulation Of Leukocyte Chemotaxis (GO:0002690),0.05694093107482601,0.08699827501924236,0,0,19.604395604395606,56.18111723304145,PTN
GO_Biological_Process_2023,Telomere Maintenance (GO:0000723),0.05694093107482601,0.08699827501924236,0,0,19.604395604395606,56.18111723304145,PTEN
GO_Biological_Process_2023,Negative Regulation Of Mitotic Cell Cycle Phase Transition (GO:1901991),0.05694093107482601,0.08699827501924236,0,0,19.604395604395606,56.18111723304145,PTEN
GO_Biological_Process_2023,Positive Regulation Of Response To Wounding (GO:1903036),0.05694093107482601,0.08699827501924236,0,0,19.604395604395606,56.18111723304145,PTN
GO_Biological_Process_2023,Positive Regulation Of Telomere Maintenance (GO:0032206),0.05694093107482601,0.08699827501924236,0,0,19.604395604395606,56.18111723304145,ATRX
GO_Biological_Process_2023,Regulation Of Primary Metabolic Process (GO:0080090),0.05694093107482601,0.08699827501924236,0,0,19.604395604395606,56.18111723304145,PLCG2
GO_Biological_Process_2023,Cellular Response To Organic Substance (GO:0071310),0.05694093107482601,0.08699827501924236,0,0,19.604395604395606,56.18111723304145,PLCG2
GO_Biological_Process_2023,Regulation Of Rho Protein Signal Transduction (GO:0035023),0.05694093107482601,0.08699827501924236,0,0,19.604395604395606,56.18111723304145,COL3A1
GO_Biological_Process_2023,Negative Regulation Of Cell-Cell Adhesion (GO:0022408),0.05694093107482601,0.08699827501924236,0,0,19.604395604395606,56.18111723304145,MIA3
GO_Biological_Process_2023,Synapse Organization (GO:0050808),0.06062783367886416,0.0896906999820657,0,0,18.29230769230769,51.273360224302166,PTEN
GO_Biological_Process_2023,Positive Regulation Of Neuron Projection Development (GO:0010976),0.06062783367886416,0.0896906999820657,0,0,18.29230769230769,51.273360224302166,PTN
GO_Biological_Process_2023,Negative Regulation Of Protein Serine/Threonine Kinase Activity (GO:0071901),0.06062783367886416,0.0896906999820657,0,0,18.29230769230769,51.273360224302166,PTEN
GO_Biological_Process_2023,Negative Regulation Of Viral Genome Replication (GO:0045071),0.06062783367886416,0.0896906999820657,0,0,18.29230769230769,51.273360224302166,EIF2AK2
GO_Biological_Process_2023,Regulation Of Multicellular Organismal Development (GO:2000026),0.06062783367886416,0.0896906999820657,0,0,18.29230769230769,51.273360224302166,PTN
GO_Biological_Process_2023,Regulation Of Nitric Oxide Biosynthetic Process (GO:0045428),0.06062783367886416,0.0896906999820657,0,0,18.29230769230769,51.273360224302166,DDAH1
GO_Biological_Process_2023,Lymphocyte Differentiation (GO:0030098),0.06062783367886416,0.0896906999820657,0,0,18.29230769230769,51.273360224302166,PLCG2
GO_Biological_Process_2023,Membrane Assembly (GO:0071709),0.06062783367886416,0.0896906999820657,0,0,18.29230769230769,51.273360224302166,PTEN
GO_Biological_Process_2023,Negative Regulation Of ERK1 And ERK2 Cascade (GO:0070373),0.06062783367886416,0.0896906999820657,0,0,18.29230769230769,51.273360224302166,PTEN
GO_Biological_Process_2023,Regulation Of Actin Filament Polymerization (GO:0030833),0.06062783367886416,0.0896906999820657,0,0,18.29230769230769,51.273360224302166,BAIAP2L1
GO_Biological_Process_2023,Regulation Of Cyclin-Dependent Protein Serine/Threonine Kinase Activity (GO:0000079),0.06430134839693596,0.09219824108606818,0,0,17.14423076923077,47.04676394308374,PTEN
GO_Biological_Process_2023,Regulation Of Immune Response (GO:0050776),0.06430134839693596,0.09219824108606818,0,0,17.14423076923077,47.04676394308374,COL3A1
GO_Biological_Process_2023,Regulation Of Interleukin-6 Production (GO:0032675),0.06430134839693596,0.09219824108606818,0,0,17.14423076923077,47.04676394308374,PLCG2
GO_Biological_Process_2023,Regulation Of Peptidyl-Tyrosine Phosphorylation (GO:0050730),0.06430134839693596,0.09219824108606818,0,0,17.14423076923077,47.04676394308374,PLCG2
GO_Biological_Process_2023,Calcium-Mediated Signaling (GO:0019722),0.06430134839693596,0.09219824108606818,0,0,17.14423076923077,47.04676394308374,PLCG2
GO_Biological_Process_2023,Cell Junction Assembly (GO:0034329),0.06430134839693596,0.09219824108606818,0,0,17.14423076923077,47.04676394308374,PTEN
GO_Biological_Process_2023,Regulation Of Stress-Activated MAPK Cascade (GO:0032872),0.06430134839693596,0.09219824108606818,0,0,17.14423076923077,47.04676394308374,EIF2AK2
GO_Biological_Process_2023,Positive Regulation Of NIK/NF-kappaB Signaling (GO:1901224),0.06430134839693596,0.09219824108606818,0,0,17.14423076923077,47.04676394308374,EIF2AK2
GO_Biological_Process_2023,Positive Regulation Of Cytoskeleton Organization (GO:0051495),0.06430134839693596,0.09219824108606818,0,0,17.14423076923077,47.04676394308374,BAIAP2L1
GO_Biological_Process_2023,Regulation Of Cellular Component Size (GO:0032535),0.06430134839693596,0.09219824108606818,0,0,17.14423076923077,47.04676394308374,PTEN
GO_Biological_Process_2023,Regulation Of Epithelial To Mesenchymal Transition (GO:0010717),0.06796152008667766,0.09596990412239936,0,0,16.131221719457013,43.37384858675381,PTEN
GO_Biological_Process_2023,Regulation Of Focal Adhesion Assembly (GO:0051893),0.06796152008667766,0.09596990412239936,0,0,16.131221719457013,43.37384858675381,PTEN
GO_Biological_Process_2023,Regulation Of Phosphatidylinositol 3-Kinase Signaling (GO:0014066),0.06796152008667766,0.09596990412239936,0,0,16.131221719457013,43.37384858675381,PTEN
GO_Biological_Process_2023,Nucleosome Assembly (GO:0006334),0.06796152008667766,0.09596990412239936,0,0,16.131221719457013,43.37384858675381,ATRX
GO_Biological_Process_2023,Macromolecule Modification (GO:0043412),0.06796152008667766,0.09596990412239936,0,0,16.131221719457013,43.37384858675381,FBXO11
GO_Biological_Process_2023,Extracellular Matrix Organization (GO:0030198),0.07160839348096694,0.09901932154934895,0,0,15.23076923076923,40.15657776389755,COL3A1
GO_Biological_Process_2023,Protein Secretion (GO:0009306),0.07160839348096694,0.09901932154934895,0,0,15.23076923076923,40.15657776389755,MIA3
GO_Biological_Process_2023,protein-DNA Complex Assembly (GO:0065004),0.07160839348096694,0.09901932154934895,0,0,15.23076923076923,40.15657776389755,ATRX
GO_Biological_Process_2023,Regulation Of Ubiquitin-Dependent Protein Catabolic Process (GO:2000058),0.07160839348096694,0.09901932154934895,0,0,15.23076923076923,40.15657776389755,PTEN
GO_Biological_Process_2023,Negative Regulation Of Cell Adhesion (GO:0007162),0.07160839348096694,0.09901932154934895,0,0,15.23076923076923,40.15657776389755,MIA3
GO_Biological_Process_2023,Negative Regulation Of Cell Cycle (GO:0045786),0.07160839348096694,0.09901932154934895,0,0,15.23076923076923,40.15657776389755,PTEN
GO_Biological_Process_2023,Regulation Of Cell Development (GO:0060284),0.07160839348096694,0.09901932154934895,0,0,15.23076923076923,40.15657776389755,PTN
GO_Biological_Process_2023,Organelle Organization (GO:0006996),0.07513777134785683,0.10222384292884436,0,0,4.9798850574712645,12.890093337470395,MIA3;CEP89
GO_Biological_Process_2023,Transforming Growth Factor Beta Receptor Signaling Pathway (GO:0007179),0.07524201314290475,0.10222384292884436,0,0,14.425101214574898,37.31839345283428,COL3A1
GO_Biological_Process_2023,Negative Regulation Of Viral Process (GO:0048525),0.07524201314290475,0.10222384292884436,0,0,14.425101214574898,37.31839345283428,EIF2AK2
GO_Biological_Process_2023,Cell-Matrix Adhesion (GO:0007160),0.07524201314290475,0.10222384292884436,0,0,14.425101214574898,37.31839345283428,COL3A1
GO_Biological_Process_2023,protein-DNA Complex Organization (GO:0071824),0.07524201314290475,0.10222384292884436,0,0,14.425101214574898,37.31839345283428,ATRX
GO_Biological_Process_2023,Positive Regulation Of Cell Projection Organization (GO:0031346),0.07524201314290475,0.10222384292884436,0,0,14.425101214574898,37.31839345283428,PTN
GO_Biological_Process_2023,Exocytosis (GO:0006887),0.07886242354870557,0.10499968392484799,0,0,13.7,34.79869073633897,MIA3
GO_Biological_Process_2023,Cellular Response To Salt (GO:1902075),0.07886242354870557,0.10499968392484799,0,0,13.7,34.79869073633897,PLCG2
GO_Biological_Process_2023,Chemical Synaptic Transmission (GO:0007268),0.07886242354870557,0.10499968392484799,0,0,13.7,34.79869073633897,PTEN
GO_Biological_Process_2023,Response To Lipid (GO:0033993),0.07886242354870557,0.10499968392484799,0,0,13.7,34.79869073633897,PLCG2
GO_Biological_Process_2023,Regulation Of Actin Filament-Based Process (GO:0032970),0.07886242354870557,0.10499968392484799,0,0,13.7,34.79869073633897,BAIAP2L1
GO_Biological_Process_2023,Endoplasmic Reticulum Organization (GO:0007029),0.07886242354870557,0.10499968392484799,0,0,13.7,34.79869073633897,MIA3
GO_Biological_Process_2023,Skin Development (GO:0043588),0.07886242354870557,0.10499968392484799,0,0,13.7,34.79869073633897,COL3A1
GO_Biological_Process_2023,Positive Regulation Of Cell Population Proliferation (GO:0008284),0.07963520852606273,0.10572651616280694,0,0,4.808333333333334,12.166520860357986,PTEN;PTN
GO_Biological_Process_2023,Regulation Of Cell Migration (GO:0030334),0.08077323858272834,0.10693275335099832,0,0,4.767217630853994,11.99484192221462,PTEN;MIA3
GO_Biological_Process_2023,Positive Regulation Of Protein Polymerization (GO:0032273),0.08246966901965855,0.10825595989622784,0,0,13.043956043956044,32.548905721597436,BAIAP2L1
GO_Biological_Process_2023,Regulation Of Peptidyl-Serine Phosphorylation (GO:0033135),0.08246966901965855,0.10825595989622784,0,0,13.043956043956044,32.548905721597436,PTEN
GO_Biological_Process_2023,Double-Strand Break Repair Via Homologous Recombination (GO:0000724),0.08246966901965855,0.10825595989622784,0,0,13.043956043956044,32.548905721597436,ATRX
GO_Biological_Process_2023,Protein Complex Oligomerization (GO:0051259),0.08606379373095657,0.11234097444993212,0,0,12.447552447552448,30.52969452351789,TMEM70
GO_Biological_Process_2023,Positive Regulation Of Cell Cycle Process (GO:0090068),0.08606379373095657,0.11234097444993212,0,0,12.447552447552448,30.52969452351789,ATRX
GO_Biological_Process_2023,Positive Regulation Of Peptidyl-Tyrosine Phosphorylation (GO:0050731),0.08964484174113135,0.11539916091537902,0,0,11.903010033444817,28.708865356663743,PLCG2
GO_Biological_Process_2023,Regulation Of Tumor Necrosis Factor Production (GO:0032680),0.08964484174113135,0.11539916091537902,0,0,11.903010033444817,28.708865356663743,PLCG2
GO_Biological_Process_2023,Positive Regulation Of DNA Metabolic Process (GO:0051054),0.08964484174113135,0.11539916091537902,0,0,11.903010033444817,28.708865356663743,ATRX
GO_Biological_Process_2023,Cellular Response To Transforming Growth Factor Beta Stimulus (GO:0071560),0.08964484174113135,0.11539916091537902,0,0,11.903010033444817,28.708865356663743,COL3A1
GO_Biological_Process_2023,Response To Calcium Ion (GO:0051592),0.08964484174113135,0.11539916091537902,0,0,11.903010033444817,28.708865356663743,PLCG2
GO_Biological_Process_2023,Positive Regulation Of Protein-Containing Complex Assembly (GO:0031334),0.0932128569704897,0.11933294326441812,0,0,11.403846153846153,27.059840049447846,PLCG2
GO_Biological_Process_2023,Positive Regulation Of Stress-Activated MAPK Cascade (GO:0032874),0.0932128569704897,0.11933294326441812,0,0,11.403846153846153,27.059840049447846,EIF2AK2
GO_Biological_Process_2023,Positive Regulation Of Inflammatory Response (GO:0050729),0.09676788319751414,0.1225375912229391,0,0,10.944615384615384,25.56049392085185,PLCG2
GO_Biological_Process_2023,Regulation Of Cytokine Production (GO:0001817),0.09676788319751414,0.1225375912229391,0,0,10.944615384615384,25.56049392085185,EIF2AK2
GO_Biological_Process_2023,Transmembrane Receptor Protein Serine/Threonine Kinase Signaling Pathway (GO:0007178),0.09676788319751414,0.1225375912229391,0,0,10.944615384615384,25.56049392085185,COL3A1
GO_Biological_Process_2023,Regulation Of NIK/NF-kappaB Signaling (GO:1901222),0.09676788319751414,0.1225375912229391,0,0,10.944615384615384,25.56049392085185,EIF2AK2
GO_Biological_Process_2023,Positive Regulation Of Intracellular Signal Transduction (GO:1902533),0.09724564964870458,0.12280886920405511,0,0,4.2555555555555555,9.91763618821644,PLCG2;EIF2AK2
GO_Biological_Process_2023,Positive Regulation Of Gene Expression (GO:0010628),0.09845881827089593,0.12400489003847974,0,0,4.223039215686274,9.789498604163857,PLCG2;EIF2AK2
GO_Biological_Process_2023,Negative Regulation Of Phosphorylation (GO:0042326),0.10030996407361206,0.12532022321260916,0,0,10.520710059171599,24.192270164588464,PTEN
GO_Biological_Process_2023,Positive Regulation Of Response To External Stimulus (GO:0032103),0.10030996407361206,0.12532022321260916,0,0,10.520710059171599,24.192270164588464,PTN
GO_Biological_Process_2023,Regulation Of Viral Genome Replication (GO:0045069),0.10030996407361206,0.12532022321260916,0,0,10.520710059171599,24.192270164588464,EIF2AK2
GO_Biological_Process_2023,Negative Regulation Of Protein Modification Process (GO:0031400),0.10383914311741106,0.12801333516590888,0,0,10.128205128205128,22.939496149089585,PTEN
GO_Biological_Process_2023,Positive Regulation Of Supramolecular Fiber Organization (GO:1902905),0.10383914311741106,0.12801333516590888,0,0,10.128205128205128,22.939496149089585,BAIAP2L1
GO_Biological_Process_2023,Positive Regulation Of Ubiquitin-Dependent Protein Catabolic Process (GO:2000060),0.10383914311741106,0.12801333516590888,0,0,10.128205128205128,22.939496149089585,PTEN
GO_Biological_Process_2023,Protein Homooligomerization (GO:0051260),0.10383914311741106,0.12801333516590888,0,0,10.128205128205128,22.939496149089585,TMEM70
GO_Biological_Process_2023,Positive Regulation Of Catabolic Process (GO:0009896),0.10383914311741106,0.12801333516590888,0,0,10.128205128205128,22.939496149089585,PTEN
GO_Biological_Process_2023,Regulation Of Endothelial Cell Migration (GO:0010594),0.10735546370523044,0.13062048586589398,0,0,9.763736263736265,21.78885011434433,PTN
GO_Biological_Process_2023,Nucleosome Organization (GO:0034728),0.10735546370523044,0.13062048586589398,0,0,9.763736263736265,21.78885011434433,ATRX
GO_Biological_Process_2023,Protein Autophosphorylation (GO:0046777),0.10735546370523044,0.13062048586589398,0,0,9.763736263736265,21.78885011434433,EIF2AK2
GO_Biological_Process_2023,Regulation Of Stem Cell Population Maintenance (GO:2000036),0.10735546370523044,0.13062048586589398,0,0,9.763736263736265,21.78885011434433,PTN
GO_Biological_Process_2023,Regulation Of Actin Cytoskeleton Organization (GO:0032956),0.10735546370523044,0.13062048586589398,0,0,9.763736263736265,21.78885011434433,BAIAP2L1
GO_Biological_Process_2023,Negative Regulation Of Response To External Stimulus (GO:0032102),0.11085896910107124,0.1334890945764837,0,0,9.424403183023873,20.728941194959187,PTEN
GO_Biological_Process_2023,Cellular Response To Lipopolysaccharide (GO:0071222),0.11085896910107124,0.1334890945764837,0,0,9.424403183023873,20.728941194959187,PLCG2
GO_Biological_Process_2023,Cellular Response To Metal Ion (GO:0071248),0.11085896910107124,0.1334890945764837,0,0,9.424403183023873,20.728941194959187,PLCG2
GO_Biological_Process_2023,Negative Regulation Of MAPK Cascade (GO:0043409),0.11085896910107124,0.1334890945764837,0,0,9.424403183023873,20.728941194959187,PTEN
GO_Biological_Process_2023,Positive Regulation Of Cellular Process (GO:0048522),0.1133632688302652,0.13615279194562777,0,0,3.8671171171171173,8.419324381364186,PTEN;PTN
GO_Biological_Process_2023,Positive Regulation Of Epithelial Cell Migration (GO:0010634),0.11434970242207947,0.13663323417612572,0,0,9.107692307692307,19.74997576659929,PLCG2
GO_Biological_Process_2023,Positive Regulation Of Epithelial Cell Proliferation (GO:0050679),0.11434970242207947,0.13663323417612572,0,0,9.107692307692307,19.74997576659929,PTN
GO_Biological_Process_2023,Axonogenesis (GO:0007409),0.1212930246019303,0.1445589500370832,0,0,8.533653846153847,18.002135080770604,PTEN
GO_Biological_Process_2023,Organic Substance Transport (GO:0071702),0.12474569905787122,0.1479172920126412,0,0,8.272727272727273,17.219499995506464,MIA3
GO_Biological_Process_2023,Defense Response To Symbiont (GO:0140546),0.12474569905787122,0.1479172920126412,0,0,8.272727272727273,17.219499995506464,EIF2AK2
GO_Biological_Process_2023,Regulation Of Cytoskeleton Organization (GO:0051493),0.128185772568116,0.14971070179634602,0,0,8.027149321266968,16.489969916814086,BAIAP2L1
GO_Biological_Process_2023,Neuron Projection Morphogenesis (GO:0048812),0.128185772568116,0.14971070179634602,0,0,8.027149321266968,16.489969916814086,PTEN
GO_Biological_Process_2023,Nitrogen Compound Transport (GO:0071705),0.128185772568116,0.14971070179634602,0,0,8.027149321266968,16.489969916814086,MIA3
GO_Biological_Process_2023,Regulation Of Protein Kinase B Signaling (GO:0051896),0.128185772568116,0.14971070179634602,0,0,8.027149321266968,16.489969916814086,PTEN
GO_Biological_Process_2023,Regulation Of Protein-Containing Complex Assembly (GO:0043254),0.128185772568116,0.14971070179634602,0,0,8.027149321266968,16.489969916814086,EIF2AK2
GO_Biological_Process_2023,Cellular Response To Starvation (GO:0009267),0.128185772568116,0.14971070179634602,0,0,8.027149321266968,16.489969916814086,EIF2AK2
GO_Biological_Process_2023,Protein Dephosphorylation (GO:0006470),0.13161328762143354,0.15332948007897007,0,0,7.795604395604395,15.808607113968737,PTEN
GO_Biological_Process_2023,Actin Filament Organization (GO:0007015),0.1350282865143001,0.15613692683787556,0,0,7.576923076923077,15.171053291269951,BAIAP2L1
GO_Biological_Process_2023,mRNA Metabolic Process (GO:0016071),0.1350282865143001,0.15613692683787556,0,0,7.576923076923077,15.171053291269951,FBXO11
GO_Biological_Process_2023,Dephosphorylation (GO:0016311),0.1350282865143001,0.15613692683787556,0,0,7.576923076923077,15.171053291269951,PTEN
GO_Biological_Process_2023,Regulation Of ERK1 And ERK2 Cascade (GO:0070372),0.13843081146894531,0.1592808843074778,0,0,7.37006237006237,14.573448084802305,PTEN
GO_Biological_Process_2023,Regulation Of G1/S Transition Of Mitotic Cell Cycle (GO:2000045),0.13843081146894531,0.1592808843074778,0,0,7.37006237006237,14.573448084802305,PTEN
GO_Biological_Process_2023,Brain Development (GO:0007420),0.14182090453602833,0.16277965890095863,0,0,7.174089068825911,14.012360843884897,PTEN
GO_Biological_Process_2023,Defense Response To Virus (GO:0051607),0.14519860766923354,0.16624705448123545,0,0,6.988165680473373,13.484733232441334,EIF2AK2
GO_Biological_Process_2023,Negative Regulation Of Macromolecule Biosynthetic Process (GO:0010558),0.14856396267395655,0.16885562586844816,0,0,6.811538461538461,12.98783072366247,EIF2AK2
GO_Biological_Process_2023,Neuron Projection Development (GO:0031175),0.14856396267395655,0.16885562586844816,0,0,6.811538461538461,12.98783072366247,PTEN
GO_Biological_Process_2023,Negative Regulation Of Cell Differentiation (GO:0045596),0.14856396267395655,0.16885562586844816,0,0,6.811538461538461,12.98783072366247,PTEN
GO_Biological_Process_2023,Regulation Of Cell Adhesion (GO:0030155),0.15191701120018244,0.17224653824643557,0,0,6.643527204502814,12.519201422088777,MIA3
GO_Biological_Process_2023,Negative Regulation Of Amide Metabolic Process (GO:0034249),0.15858635495772988,0.1793719451706362,0,0,6.330948121645796,11.65816245365574,EIF2AK2
GO_Biological_Process_2023,Negative Regulation Of Protein Phosphorylation (GO:0001933),0.16190273291600984,0.18267959694639369,0,0,6.185314685314685,11.26197070986464,PTEN
GO_Biological_Process_2023,Negative Regulation Of Cellular Biosynthetic Process (GO:0031327),0.16849910676963156,0.18966324578417465,0,0,5.913043478260869,10.53009464857792,EIF2AK2
GO_Biological_Process_2023,Negative Regulation Of Translation (GO:0017148),0.17830332610107877,0.20021530111591013,0,0,5.546310832025117,9.563332385359045,EIF2AK2
GO_Biological_Process_2023,Regulation Of Programmed Cell Death (GO:0043067),0.18154747092175583,0.20336808040754378,0,0,5.4338461538461535,9.271435400788402,FBXO11
GO_Biological_Process_2023,Negative Regulation Of Multicellular Organismal Process (GO:0051241),0.18477971904347182,0.20550679969989943,0,0,5.32579185520362,8.993083508782739,PTEN
GO_Biological_Process_2023,Protein Localization To Membrane (GO:0072657),0.18477971904347182,0.20550679969989943,0,0,5.32579185520362,8.993083508782739,PTN
GO_Biological_Process_2023,Cellular Response To Lipid (GO:0071396),0.18477971904347182,0.20550679969989943,0,0,5.32579185520362,8.993083508782739,PLCG2
GO_Biological_Process_2023,Endoplasmic Reticulum To Golgi Vesicle-Mediated Transport (GO:0006888),0.18800011075751813,0.20859059907857966,0,0,5.22189349112426,8.72741705084126,MIA3
GO_Biological_Process_2023,DNA Repair (GO:0006281),0.1975905482956396,0.21871067816096923,0,0,4.932867132867133,7.998931776885172,ATRX
GO_Biological_Process_2023,Endomembrane System Organization (GO:0010256),0.2007639146712642,0.22169664511092207,0,0,4.843406593406593,7.776697690845606,MIA3
GO_Biological_Process_2023,Negative Regulation Of Intracellular Signal Transduction (GO:1902532),0.21021423045200985,0.2315835257461858,0,0,4.593220338983051,7.1637156169591165,PTEN
GO_Biological_Process_2023,Positive Regulation Of Signal Transduction (GO:0009967),0.21334120602534695,0.2344740613391785,0,0,4.515384615384615,6.975648314512592,PTEN
GO_Biological_Process_2023,Negative Regulation Of Protein Metabolic Process (GO:0051248),0.21645668209813945,0.23678125318716664,0,0,4.440100882723834,6.794974251426871,EIF2AK2
GO_Biological_Process_2023,Central Nervous System Development (GO:0007417),0.21645668209813945,0.23678125318716664,0,0,4.440100882723834,6.794974251426871,PTEN
GO_Biological_Process_2023,Modification-Dependent Protein Catabolic Process (GO:0019941),0.21956069776870168,0.23905440457994154,0,0,4.367245657568239,6.621297123576654,FBXO11
GO_Biological_Process_2023,Regulation Of Cell Differentiation (GO:0045595),0.21956069776870168,0.23905440457994154,0,0,4.367245657568239,6.621297123576654,EIF2AK2
GO_Biological_Process_2023,Positive Regulation Of Cell Differentiation (GO:0045597),0.22265329192510147,0.24185648959696338,0,0,4.2967032967032965,6.454247579008925,PTN
GO_Biological_Process_2023,Regulation Of Protein Phosphorylation (GO:0001932),0.2288043708738628,0.24796008564469782,0,0,4.1621301775147925,6.138675504423324,PTEN
GO_Biological_Process_2023,Positive Regulation Of Developmental Process (GO:0051094),0.23186293286733142,0.25069170931827484,0,0,4.0979020979020975,5.989530130566788,PTN
GO_Biological_Process_2023,DNA Metabolic Process (GO:0006259),0.23794629418058258,0.25667354881516546,0,0,3.975113122171946,5.70711079544063,ATRX
GO_Biological_Process_2023,Regulation Of I-kappaB kinase/NF-kappaB Signaling (GO:0043122),0.24398489343386554,0.2625795850812502,0,0,3.8593406593406594,5.44417491734028,PLCG2
GO_Biological_Process_2023,Supramolecular Fiber Organization (GO:0097435),0.25888754928381935,0.27797603218032213,0,0,3.596923076923077,4.860743307827812,COL3A1
GO_Biological_Process_2023,Golgi Vesicle Transport (GO:0048193),0.26477186452760115,0.28364066406864863,0,0,3.5014985014985016,4.653094831949151,MIA3
GO_Biological_Process_2023,RNA Processing (GO:0006396),0.2706127717368702,0.28857105636014074,0,0,3.4109055501460563,4.458279923952468,FBXO11
GO_Biological_Process_2023,Protein Modification By Small Protein Conjugation (GO:0032446),0.2706127717368702,0.28857105636014074,0,0,3.4109055501460563,4.458279923952468,FBXO11
GO_Biological_Process_2023,Positive Regulation Of Protein Phosphorylation (GO:0001934),0.2735170398378178,0.2910021474073587,0,0,3.3673076923076923,4.365348585907265,PLCG2
GO_Biological_Process_2023,Phosphorylation (GO:0016310),0.27641056669339653,0.2934107610002797,0,0,3.324786324786325,4.275236202584237,EIF2AK2
GO_Biological_Process_2023,Chromatin Remodeling (GO:0006338),0.28502706601432615,0.30186957446062723,0,0,3.2032967032967035,4.020685558022299,ATRX
GO_Biological_Process_2023,Regulation Of Gene Expression (GO:0010468),0.28957824333157156,0.3058120919409056,0,0,2.028186274509804,2.5135915843032097,ATRX;PLCG2
GO_Biological_Process_2023,Positive Regulation Of Macromolecule Metabolic Process (GO:0010604),0.29071836208116136,0.3058120919409056,0,0,3.1270125223613596,3.8631122343653646,PLCG2
GO_Biological_Process_2023,Cellular Response To Oxygen-Containing Compound (GO:1901701),0.29071836208116136,0.3058120919409056,0,0,3.1270125223613596,3.8631122343653646,PLCG2
GO_Biological_Process_2023,Cellular Component Assembly (GO:0022607),0.29354820774456386,0.30809338920938456,0,0,3.090185676392573,3.787681998045391,BAIAP2L1
GO_Biological_Process_2023,Protein Stabilization (GO:0050821),0.29636756651558555,0.3103534516769952,0,0,3.054195804195804,3.7143749370700716,PTEN
GO_Biological_Process_2023,Protein Phosphorylation (GO:0006468),0.3075408488058482,0.32061305490721537,0,0,2.9180602006688963,3.4408229787684506,EIF2AK2
GO_Biological_Process_2023,Protein Ubiquitination (GO:0016567),0.3075408488058482,0.32061305490721537,0,0,2.9180602006688963,3.4408229787684506,FBXO11
GO_Biological_Process_2023,Regulation Of Translation (GO:0006417),0.31030830915507285,0.32277605371933915,0,0,2.8858560794044665,3.3769968379067037,EIF2AK2
GO_Biological_Process_2023,Chromatin Organization (GO:0006325),0.313065496266062,0.3249187555901668,0,0,2.8543371522094927,3.31486406343422,ATRX
GO_Biological_Process_2023,Regulation Of Nucleic Acid-Templated Transcription (GO:1903506),0.31854919140389176,0.32987538487603013,0,0,2.793269230769231,3.195439578200161,ATRX
GO_Biological_Process_2023,mRNA Processing (GO:0006397),0.3212757695398634,0.33122678895039015,0,0,2.7636796193497224,3.138035029253737,FBXO11
GO_Biological_Process_2023,Cilium Organization (GO:0044782),0.3212757695398634,0.33122678895039015,0,0,2.7636796193497224,3.138035029253737,CEP89
GO_Biological_Process_2023,DNA Damage Response (GO:0006974),0.3266985613398177,0.3360740167425056,0,0,2.7062937062937062,3.027577761307224,ATRX
GO_Biological_Process_2023,Cilium Assembly (GO:0060271),0.3320810984161705,0.34085857238311773,0,0,2.651180502665651,2.9225979369134523,CEP89
GO_Biological_Process_2023,Plasma Membrane Bounded Cell Projection Assembly (GO:0120031),0.355811722933617,0.3644137645869572,0,0,2.427972027972028,2.5089535294449363,CEP89
GO_Biological_Process_2023,Protein-Containing Complex Assembly (GO:0065003),0.36097774623951967,0.3688939248851232,0,0,2.383241758241758,2.4283778960054287,TMEM70
GO_Biological_Process_2023,Vesicle-Mediated Transport (GO:0016192),0.3737249831347747,0.3810849937435558,0,0,2.2781065088757395,2.2421923676950413,MIA3
GO_Biological_Process_2023,Negative Regulation Of Gene Expression (GO:0010629),0.37624592497098386,0.38281790619318445,0,0,2.2581486310299868,2.2073680476520976,EIF2AK2
GO_Biological_Process_2023,Protein Transport (GO:0015031),0.3812595648763462,0.3870739808984256,0,0,2.2192307692307693,2.1399484463536766,MIA3
GO_Biological_Process_2023,Ubiquitin-Dependent Protein Catabolic Process (GO:0006511),0.40817219557710516,0.4134961807368065,0,0,2.0264239577216676,1.8158099052121464,FBXO11
GO_Biological_Process_2023,Organelle Assembly (GO:0070925),0.4129470354639405,0.4174258536360006,0,0,1.9947946790052054,1.764268102392499,CEP89
GO_Biological_Process_2023,Regulation Of Apoptotic Process (GO:0042981),0.5874835210013196,0.5925699584125864,0,0,1.1812434141201265,0.6283117383829153,FBXO11
GO_Biological_Process_2023,Positive Regulation Of Transcription By RNA Polymerase II (GO:0045944),0.6390701628983778,0.6432110062864882,0,0,1.0208397180508735,0.45707182635478644,ATRX
GO_Biological_Process_2023,Positive Regulation Of DNA-templated Transcription (GO:0045893),0.7396820126781042,0.7428702972155099,0,0,0.7631332082551595,0.23011129390863422,ATRX
GO_Biological_Process_2023,Regulation Of DNA-templated Transcription (GO:0006355),0.8185638198774612,0.8203241721782729,0,0,0.5934868051656372,0.11881838098131861,ATRX
GO_Biological_Process_2023,Regulation Of Transcription By RNA Polymerase II (GO:0006357),0.8439315806638689,0.8439315806638689,0,0,0.5422644770959377,0.09201352594680974,ATRX
