TF,diff_AS_vs_Control,pvalue,padj
ZEB2,1.4391331546025805,0.0,0.0
ZFP42,0.974675296580695,0.0,0.0
KLF13,0.9029650751743147,0.0,0.0
KDM5A,-1.2969723885633488,0.0,0.0
TCF21,1.1563004227311668,0.0,0.0
YAP1,-0.965670676726136,0.0,0.0
SNAI2,1.4444133574212155,0.0,0.0
KAT6A,-1.140916444572489,0.0,0.0
JDP2,1.5723605512188765,0.0,0.0
SCX,1.1111168490427779,0.0,0.0
FLI1,-1.0328998578800357,0.0,0.0
ETV7,-0.862543134084925,0.0,0.0
SKIL,1.081677600629023,0.0,0.0
MYOCD,1.3373503955605532,0.0,0.0
HOXB9,-1.5712766648566632,0.0,0.0
NFKBIB,-1.1712301793848456,0.0,0.0
HDGF,1.1983907092689774,0.0,0.0
NKRF,-1.3527280806706665,0.0,0.0
KLF8,-1.2268326839191515,0.0,0.0
PARK7,-1.3863131290777235,0.0,0.0
NFE2L2,-1.3581823755176377,0.0,0.0
GRHL2,-2.625285786582713,0.0,0.0
NFE2L3,1.1197283642500029,2.292760303390745e-309,7.576077524247681e-308
HHEX,0.8408938982532821,5.215189005738855e-307,1.6514765184839706e-305
HES6,-0.5905760053098723,1.0857014278144044e-296,3.3005323405557893e-295
RBPJ,-0.9367182590363232,1.86573619607014e-293,5.453690419281948e-292
TBPL1,-0.9431789563245434,3.094864722326069e-287,8.711471070251156e-286
ELF4,-0.9522206165215494,1.1697857447792054e-286,3.175132735829272e-285
MEIS2,-0.7121935203512192,6.83888590403397e-285,1.7922597541606263e-283
ZNF300,-1.0428180193686154,2.6663354735416054e-283,6.754716532972067e-282
MXI1,-1.0509394482068064,1.8924036710542983e-279,4.639441258068602e-278
APEX1,-0.8518600392557168,2.7532004571812424e-279,6.538851085805451e-278
FOXA3,0.39580561483542487,1.3966719828233924e-274,3.2165778998356916e-273
GATA1,-0.6665150622171412,5.569776223264461e-272,1.24500880284735e-270
NR2C2,-1.065945134763715,2.732490041857382e-271,5.9334069480331725e-270
NFKB1,-1.961132013900425,3.22041815691253e-268,6.798660553482007e-267
ZBTB7B,0.9194256416239006,7.2296181761169e-264,1.4850026523915796e-262
RUNX1,-0.9468128784425196,2.5878242486444182e-260,5.1756484972888364e-259
CUX1,0.8339723987278451,2.8232255697226217e-259,5.501670340997929e-258
EGR1,-1.3794882982851115,7.213418140388372e-258,1.3705494466737906e-256
HOXA11,0.6061618403316383,1.975553568794965e-257,3.662001737278471e-256
CTBP1,0.8694712011745764,2.4149351985275693e-257,4.369882740192745e-256
NFIX,0.6262684244100186,7.267578138204013e-256,1.2845021825662906e-254
PRDM4,-0.6818222887147435,7.867694526238205e-255,1.3589654181684173e-253
SMAD7,-0.7829530418361057,4.117756238431797e-254,6.954432758240368e-253
GTF3A,-0.9643925600788232,2.4842449019129824e-253,4.104404620551884e-252
MAFK,-0.7875416800083811,2.7929940089404466e-251,4.516330737861148e-250
TWIST1,0.880852451153707,2.4996479961869623e-247,3.9577759939626904e-246
NCOA1,-0.9749289752848491,2.4483808358374386e-243,3.7974886433397005e-242
ZFPM2,0.6359570945055761,7.926293419378326e-243,1.2047965997455056e-241
STAT3,-1.360307364129222,1.1775403467553602e-242,1.7547660069295564e-241
FOSL2,-0.7119125741169197,2.5886630988334677e-239,3.7834306829104526e-238
NFKB1_NFKB2,-1.757087195789274,5.226454361713188e-239,6.406621475648424e-238
NFKB2_RELB,-1.757087195789274,5.226454361713188e-239,6.406621475648424e-238
NFKB2_REL,-1.757087195789274,5.226454361713188e-239,6.406621475648424e-238
NFKB2_RELA,-1.757087195789274,5.226454361713188e-239,6.406621475648424e-238
NFKB1_REL,-1.757087195789274,5.226454361713188e-239,6.406621475648424e-238
NFKB1_RELB,-1.757087195789274,5.226454361713188e-239,6.406621475648424e-238
REL_RELB,-1.757087195789274,5.226454361713188e-239,6.406621475648424e-238
REL_RELA,-1.757087195789274,5.226454361713188e-239,6.406621475648424e-238
RELA_RELB,-1.757087195789274,5.226454361713188e-239,6.406621475648424e-238
NFKB1_RELA,-1.757087195789274,5.226454361713188e-239,6.406621475648424e-238
DDIT3,-1.3977477391235151,3.0726153964604723e-233,3.706647144936443e-232
REL,-1.7355562345445508,1.6297568778271506e-231,1.9353362924197413e-230
FOXQ1,-0.6953014520826187,1.0843493818689354e-229,1.2678546618775245e-228
CREB1,-1.3574184037843509,4.050799576969538e-229,4.664557088631589e-228
CXXC1,0.6286424566453636,3.064844484691521e-228,3.4765400124859043e-227
RELA,-1.76798618112689,1.2614282129744307e-227,1.4098315321478932e-226
RELB,-1.712514362881854,7.409573967201449e-227,8.161269876917537e-226
NFKB2,-1.7661796541809514,8.036919079160598e-227,8.725797857374364e-226
MAML1,1.3060159574018864,3.1843875266272865e-226,3.408640169347518e-225
GATA4,0.7007140336520649,2.5805461117271192e-225,2.723909784600848e-224
ATOH1,0.5736586282947349,5.180840849369954e-223,5.393752117152281e-222
NFATC2,-0.6761563388477908,1.4476087006310334e-222,1.4867332601075477e-221
ESRRB,-0.8411027557056652,1.0116244719789072e-215,1.0251127982719593e-214
SMAD3,1.1314334868314508,1.3133978104570256e-208,1.3133978104570255e-207
IRF7,-0.598656563071155,1.7755891130731226e-207,1.7525295142020433e-206
LHX2,-0.8867229014508466,7.698629588119467e-207,7.501228829449737e-206
ERF,0.7784813267927513,6.02154293631757e-206,5.792876748862472e-205
PAX5,-0.5745148324295242,3.692052829151378e-200,3.507450187693809e-199
LITAF,-0.7889442880415769,4.7812058375421215e-200,4.48606967473088e-199
DLX5,0.5381331739916417,7.111248481396457e-200,6.590913226660131e-199
ZNF202,-0.640820427078286,4.2214728423139595e-199,3.865445012239288e-198
ZNF699,-0.582911753627549,5.9632372228950296e-198,5.395309868333598e-197
PML,0.8014853350156561,1.589004171329186e-197,1.4207566708355074e-196
IRF3,-0.7540948255730578,1.1976685733886717e-196,1.0584047857853378e-195
ATF4,-1.1021805402641562,7.548175578370827e-191,6.593808551220492e-190
RXRA,-0.5330626536891557,2.934642410028393e-190,2.534463899569976e-189
ERG,0.7208575102240066,1.631353643484178e-187,1.3930660326381743e-186
IRF5,-0.7037703538436819,2.321523256292185e-185,1.960397416424512e-184
MYB,0.8092764973181201,2.1036666459849516e-183,1.756908407635784e-182
CREB3L1,0.6522693243674785,5.396003522149964e-183,4.4575681269934484e-182
TFAP2C,0.584087746538988,5.653681520448724e-182,4.620212855420462e-181
EPAS1,-0.7462284690637548,2.833391551900185e-181,2.2908272121746175e-180
HIF3A,0.8667309951914741,4.492970291061764e-178,3.5943762328494114e-177
MITF,0.5842725263161221,1.8786376323933173e-177,1.4872547923113762e-176
HSF4,-1.0411613202964465,1.4333204605686131e-174,1.123013969105305e-173
HNF1A,0.47116742072703854,7.156079182173441e-174,5.549612426991648e-173
SETBP1,0.4384687439834289,2.1960927551211362e-173,1.6858893877697613e-172
PPARD,-0.8447505511036653,7.103998332376197e-172,5.39903873260591e-171
RUNX3,0.629363589449013,1.0038054703093392e-171,7.553387697377206e-171
GATA2,-0.5264122585110894,1.3294107484319088e-169,9.905413419688733e-169
FOXP2,-0.39444409923251444,5.074357158869483e-164,3.7441858647969e-163
TFAP4,-0.8853520887363668,1.3615532994240765e-163,9.949812572714405e-163
ING4,0.7166694202043979,2.4213170276535214e-162,1.7525723247777867e-161
TFDP3,-0.49777878254195707,1.6442858219714319e-161,1.1789219100927249e-160
HR,-0.49103228945719934,3.055246326321917e-160,2.1700815028080908e-159
BACH1,-0.7599463701333649,4.7632533982275505e-160,3.35191905801198e-159
GRHL3,-0.4466139538945145,1.5313871932916168e-159,1.067756208166632e-158
FOSL1,0.6033254942741377,1.443258138387014e-158,9.971601683401188e-158
HIF1A,-1.0060779591628757,4.867579482217904e-158,3.332757122960006e-157
JUN,-1.2554679890430522,8.894752851723326e-158,6.035725149383686e-157
DNMT3A,-0.4817034693527726,4.00069773308557e-157,2.690734758535428e-156
NKX3-1,-0.6301285926771754,6.942343360464042e-157,4.6282289069760285e-156
AIRE,-0.806280708677416,2.947802611911933e-156,1.9481130304809295e-155
BARX1,0.6146849231545876,3.4476150989761245e-156,2.258782306225737e-155
KLF3,0.33563364557187625,1.4441466206134202e-155,9.380781467232472e-155
TP53,-1.2989165358964447,2.274971882993058e-155,1.4652361280294271e-154
ATF7,-0.6467972105247145,2.9423358220366334e-155,1.8791388443259172e-154
HMGB2,-0.4859663964688927,1.2887819533854855e-152,8.162285704774742e-152
MBD1,-0.4668151073284672,1.5953815194258586e-150,1.0020578138542584e-149
POU4F2,-0.6204628783217434,1.695806514271447e-148,1.0564040580707374e-147
RFXANK,0.47590496321591513,2.269550979034026e-146,1.4023241821673656e-145
OVOL1,-1.0408112750788718,2.684087510356092e-146,1.645085893444056e-145
PAX9,0.40283725332736237,2.3412192626391962e-144,1.4234613116846312e-143
ZGLP1,0.43006899777167384,5.559317356112177e-143,3.353239040194647e-142
ZNF350,0.5754218434437537,1.3801267003984123e-142,8.259025923644042e-142
AEBP1,0.4856817834086433,5.232084013638991e-142,3.106549883098151e-141
TAL1,-0.5015327261981177,4.973877079886303e-141,2.9303461865996827e-140
SOX9,0.5325226027768901,4.283273531705047e-139,2.5040676031506427e-138
BMAL2,-0.7534212063299519,8.257825730051515e-138,4.790799660182558e-137
JUNB,-0.938770995690966,1.0811053135671972e-137,6.224545744780831e-137
PRDM2,-0.5170286395572279,1.996422755174233e-137,1.1408130029567047e-136
KLF6,-0.9760400367074475,4.792837348443886e-137,2.718325660311458e-136
TFEB,-0.3124858572358748,2.9232497204317972e-136,1.6456813240949378e-135
VEZF1,-0.7548490535179058,3.01481734243667e-136,1.684750867832257e-135
VDR,-0.608068132088668,3.939135280698449e-135,2.1852137323582636e-134
ZEB1,0.6351300982324134,6.274820957198715e-135,3.455698498167408e-134
NFIL3,0.4560737746218336,2.1800638906902402e-134,1.1919773790824335e-133
NR1I2,-0.5854890308049261,1.6637313057092604e-133,9.031684230993128e-133
DMAP1,-0.6920457031335402,2.798730443950784e-133,1.5085355584415574e-132
MAX,-0.655077411700848,9.70589203439178e-133,5.194702778970248e-132
SFPQ,0.5876679260413351,1.1370664577986034e-132,6.043150405083486e-132
PAX2,0.4335280967579981,3.4632775179113306e-132,1.82784091223098e-131
DNMT1,-0.6265704836164077,3.778039330930397e-131,1.9802137182807598e-130
SALL4,-0.5294350065473712,1.166435265746079e-130,6.071854807993288e-130
ARID5B,-0.35219660744682946,6.020832502784236e-129,3.1128113619836867e-128
ID3,-0.6084814572929846,1.1139216242983322e-128,5.720138070721166e-128
E4F1,-0.5749894292397297,6.345581493971637e-125,3.2366724398781508e-124
TEF,-0.6077002217553963,2.70167099028361e-124,1.368846635077029e-123
HDAC1,0.8707663969443575,3.3928573425295695e-124,1.7076632982268032e-123
SREBF2,-0.6098125760687124,5.08058867236623e-124,2.540294336183115e-123
SPIB,0.4624307658108614,1.1749928045117641e-123,5.836565564895038e-123
ARID4B,-0.592439321536044,3.094759568850636e-123,1.527283943069145e-122
ELK1,-0.8426358108138197,4.202777134270673e-122,2.060716530352072e-121
HIC1,0.4938624189861846,1.6516183386060479e-121,8.04634575218331e-121
GCM1,-0.4786609214101417,2.189389167013833e-121,1.0598316986818555e-120
NFIC,0.5815229615055135,4.174099019627342e-121,2.0077944651372023e-120
IRX1,-0.3804612491830228,8.568889007695404e-121,4.0958211609110105e-120
ZNF91,-0.49008625079332835,1.855865684050944e-120,8.815361999241985e-120
SRSF2,0.8492095264349193,2.0641930420653335e-120,9.74401684453201e-120
ZBTB17,-0.525667009942239,2.1563415431663267e-120,1.0116170202508693e-119
MTA3,-0.5547684895079408,2.516216710810529e-120,1.1732053375558295e-119
NANOG,-0.4819558292389149,3.268840905887607e-120,1.514828712484501e-119
BMAL1,-0.9167379371751556,3.217893530821365e-119,1.482181262681356e-118
RFXAP,0.4437932510667699,1.5270789161505655e-118,6.991445640207407e-118
CLOCK,-0.7567246324414669,1.3381424164077169e-117,6.089749918981227e-117
FOXJ1,-0.3128268848531922,1.7390821383446986e-117,7.86727634013078e-117
HMGA1,0.5028539955388238,2.2797246086346916e-117,1.0252015991493288e-116
SP1,-0.9354211474052869,9.72064400924917e-117,4.345699674723158e-116
MYOG,0.42934554481942133,7.59757630167444e-115,3.376700578521973e-114
KDM5B,-0.5398903576738282,1.1897148405372488e-113,5.256879527955285e-113
CEBPZ,0.4527355648336715,1.4877877859453963e-113,6.53594634288151e-113
PITX3,-0.39694541807163225,1.6102849275276818e-113,7.033428419086426e-113
FOXN1,0.42867939205903216,8.755289992687461e-113,3.80229736825284e-112
AR,-0.9667597688795553,2.0780754927810458e-112,8.973507809736334e-112
SNAI1,0.6010720319922271,1.66319121968532e-111,7.141386028027362e-111
HSF1,-1.2162570561440509,3.5465532107858714e-109,1.5142586742681248e-108
PPARG,-0.48834182652076275,3.3008276291950398e-108,1.4014687140716368e-107
SMARCA5,-0.40108403802759074,1.1437045839227617e-107,4.828974909896105e-107
NR2E3,0.4839284834624811,6.022158664978812e-107,2.5286412073944183e-106
REST,-0.36777987252130573,4.989467843999979e-106,2.083514044747244e-105
ATF3,-0.6639395365539813,1.7118610969396912e-104,7.109368490022762e-104
NUPR1,-0.667483533974039,2.474581612291146e-104,1.0221097963811256e-103
HIPK2,-0.553868591548089,1.0782974358707986e-103,4.4297624392530104e-103
ZNF217,0.2940408158795885,7.332001842790768e-103,2.995871720710206e-102
RB1,-0.48902526169831073,1.2998089258273838e-102,5.2826459017583515e-102
TP73,-0.5143556890621352,2.0645918882841128e-102,8.346222527105988e-102
FHL2,-0.5198239197851642,2.5391507493513615e-102,1.0210341637603358e-101
TWIST2,0.5480906513700181,4.285902471312712e-102,1.7143609885250846e-101
ETV3,0.41116332186850124,6.847008142699823e-102,2.7244639730114478e-101
FOXO4,-0.504122175102786,7.097680182281423e-102,2.8094984054863967e-101
IKZF2,0.14834252070327603,1.2875417376911652e-101,5.070112542203552e-101
VENTX,-0.5180714268121316,4.0808692105081716e-101,1.598691030920727e-100
IRF1,-0.5777368568992751,8.687045441118291e-101,3.385720274487128e-100
NFX1,-0.6051053696572501,4.051933164677243e-98,1.571157757731992e-97
MYC,-1.5108324512439122,5.3329674004180393e-98,2.0573884387399545e-97
BHLHA15,-0.43072003654024715,1.0477746044717444e-97,4.0217611080733626e-97
KLF11,0.4068162050620897,3.6336744712006216e-96,1.3877349739258656e-95
ARNT,-0.47730950549655193,2.174226279330283e-94,8.262059861455076e-94
AHR,-0.5127904284782012,1.8785011242039892e-93,7.102790320373293e-93
SALL1,-0.34326926584654516,3.933102039216934e-93,1.4797809652499356e-92
POU5F1,-0.3657846661503022,6.611240871560211e-93,2.4751443657072712e-92
HOXA2,-0.29414176616392973,3.0636300873612466e-92,1.1413523854875233e-91
KLF4,-0.5913675711865318,2.227144469202213e-91,8.256730715091131e-91
ZFP64,0.2568175036832105,2.559460651359721e-91,9.442670364239747e-91
BCL3,-0.4520213115787891,3.803559177002752e-90,1.3964758331024596e-89
NRL,0.2382757535894039,8.739609552118447e-90,3.193318874812509e-89
HEY2,-0.33174686322085384,1.403732156623832e-89,5.104480569541207e-89
PAX7,-0.4774675849854145,1.9891384150012907e-89,7.198786644766576e-89
MEF2B,0.4302167061310944,8.37843338804558e-89,3.0178243483007775e-88
GLI2,0.4080924356813501,1.6371785898228206e-88,5.869130793704451e-88
CEBPG,-0.5925885631762637,2.4912367381547513e-88,8.888919816890193e-88
IRF9,0.34559191280444,2.818946099091704e-88,1.0011210445372406e-87
MBD2,-0.43827523216825,6.306519836359022e-88,2.22928143052691e-87
CDX2,-0.3205460093381999,8.245694449870421e-88,2.9012628619914444e-87
KAT5,-0.43192215581061333,8.853276117525401e-88,3.100686566506592e-87
HAND2,0.3724005948323862,6.212340544025835e-87,2.1657700979172635e-86
ARID1A,-0.49850862189284195,8.903911839219873e-87,3.0899420081310973e-86
WT1,-0.3953148753865312,3.070094019929056e-86,1.0605779341573102e-85
NFATC3,-0.714885268748167,8.085344289561917e-86,2.780480389170614e-85
MYBL2,-0.4016651389635417,8.692921346469266e-86,2.975955055548037e-85
FOS,-0.6954408336906592,5.341175527241839e-85,1.8203109420196399e-84
OTX2,0.3232691881335482,6.027147905647736e-85,2.0449251822733392e-84
FOXE1,0.4297501446275126,2.1957822365025347e-84,7.416864443297451e-84
TLX1,-0.33912701831079234,2.4096734901702293e-84,8.103326781103426e-84
KAT7,-0.5785005529628346,3.184815960987801e-84,1.0662819957492197e-83
KDM5C,-0.3258402763643179,6.579247540679034e-84,2.193082513559678e-83
ATF1,-0.7289219860856591,7.58709289505392e-84,2.5179871616772836e-83
TGFB1I1,0.6702173708267671,1.1475705263079836e-83,3.79197217388725e-83
HOXA9,0.43158857016869534,1.2054944680054998e-83,3.9661289856458e-83
NCOA3,-0.5123130711368746,1.2300027328627743e-83,4.029319297309088e-83
HOPX,-0.4962691170330926,1.7319421647232474e-82,5.649253412831193e-82
PRDM1,-0.3669137561692024,3.7978214576767096e-82,1.2334804734334611e-81
SIX1,-0.3602167007450703,1.6780351525942165e-81,5.42683708924087e-81
MEF2D,-0.7687970230684078,7.982642166674189e-81,2.5706813757086367e-80
LMO2,0.25283391715730996,1.013452597419979e-80,3.2498901858193416e-80
CEBPD,-0.493557124204669,7.202323498609697e-80,2.2999016214047772e-79
TLX3,0.19778656779078024,7.516155130458868e-80,2.390074434790268e-79
IKZF1,-0.24511981995956245,3.423447130413453e-79,1.0840915912975937e-78
PIAS1,0.4509636328823792,4.282909692153042e-79,1.350627122836644e-78
ASCL1,-0.3706860048827666,2.3373508977532917e-78,7.340440835919428e-78
EP300,-0.4118332026555821,1.4087844742250221e-77,4.406074898810769e-77
OLIG1,-0.22784286633405465,3.288211729583773e-77,1.0241970960998637e-76
MEIS1,-0.3645293980431079,5.463368967057937e-77,1.6947593530465437e-76
MYRF,0.263410507475014,1.1417414285085647e-76,3.527331242546785e-76
TSC22D1,0.6761308608675609,3.3014417239082526e-76,1.0158282227410007e-75
ZNF804A,0.35339419582808584,2.8890901801938154e-75,8.85366345543266e-75
PBX2,0.31980519971592924,3.816894898361364e-75,1.1649960332347938e-74
MTA1,0.4303751562415077,3.0803890733845533e-74,9.364382783089042e-74
HOXA7,0.5020638147158052,4.353045930309175e-74,1.3180537478226982e-73
JUND,-0.6998595025281826,4.7936472113701324e-73,1.4457031272386116e-72
MEOX2,-0.35871155391868076,6.556406544395209e-73,1.969513428355873e-72
GATA6,0.3133058853911987,9.614402434432067e-73,2.876750334711957e-72
TP63,-0.5187198344644932,1.0155201772541845e-72,3.0266483714242364e-72
TBX1,0.220814657847618,4.544043612902488e-72,1.3490129475804262e-71
NKX2-5,0.3289871772201068,1.7596754019748221e-71,5.203709359925544e-71
MXD1,-0.379970255667271,1.9137261183004886e-71,5.637332751582835e-71
MSX1,0.26143366231732496,6.131363727119309e-71,1.7991646457956273e-70
HDAC9,0.5806168033367198,6.774752865055081e-71,1.9803123759391776e-70
FOSL2_JUNB,-0.6433523272658137,8.959678725344853e-71,2.4761293931862138e-70
FOSL1_JUND,-0.6433523272658137,8.959678725344853e-71,2.4761293931862138e-70
FOSL1_JUNB,-0.6433523272658137,8.959678725344853e-71,2.4761293931862138e-70
FOSL2_JUN,-0.6433523272658137,8.959678725344853e-71,2.4761293931862138e-70
FOSB_JUNB,-0.6433523272658137,8.959678725344853e-71,2.4761293931862138e-70
FOS_JUND,-0.6433523272658137,8.959678725344853e-71,2.4761293931862138e-70
FOSL2_JUND,-0.6433523272658137,8.959678725344853e-71,2.4761293931862138e-70
JUN_JUND,-0.6433523272658137,8.959678725344853e-71,2.4761293931862138e-70
FOSB_JUND,-0.6433523272658137,8.959678725344853e-71,2.4761293931862138e-70
FOS_JUN,-0.6433523272658137,8.959678725344853e-71,2.4761293931862138e-70
FOSL1_JUN,-0.6433523272658137,8.959678725344853e-71,2.4761293931862138e-70
FOSB_JUN,-0.6433523272658137,8.959678725344853e-71,2.4761293931862138e-70
FOS_JUNB,-0.6433523272658137,8.959678725344853e-71,2.4761293931862138e-70
JUNB_JUND,-0.6433523272658137,8.959678725344853e-71,2.4761293931862138e-70
JUN_JUNB,-0.6433523272658137,8.959678725344853e-71,2.4761293931862138e-70
ZBTB18,0.7998668681274963,1.433324040851115e-70,3.946834315387128e-70
HDAC7,0.5082444458759501,1.2518463364828225e-69,3.4346686488337367e-69
KLF17,0.45890708235946565,1.8585490646344163e-69,5.080925500439411e-69
USF2,0.3207622769425842,6.445614284547332e-69,1.755794572134757e-68
CREBBP,-0.41940866963571144,6.892761414173048e-69,1.8708923838469703e-68
HDAC5,-0.30306635647484503,8.846953571015004e-69,2.392770360843916e-68
ARID3A,-0.2543421626416529,2.0299054656218195e-68,5.470667212314124e-68
TBX18,0.2240917000843673,2.638829585781468e-68,7.0866094883177236e-68
BRD4,-0.3440559359901629,2.9172533062310157e-68,7.80673419977314e-68
PITX1,-0.3254443111734422,2.97597109686845e-68,7.935922924982533e-68
TCF3,0.37976529993712627,1.646361010087023e-67,4.374945341489991e-67
TTF1,-0.34275858656469005,1.275893184044903e-66,3.378671846251311e-66
FOXD3,-0.42050683099711883,1.5245441318164157e-66,4.023102570071097e-66
VHL,0.44683387945742337,1.7383994670396e-66,4.571569532699294e-66
NHLH2,0.31210925375362,1.9287118654389017e-66,5.054555233564018e-66
BCL11A,-0.2870502862209337,6.464446197577295e-66,1.688308972563142e-65
NONO,-0.24986894064901888,1.220987746660832e-65,3.177913313226823e-65
PLAGL1,-0.3681335937772535,2.5564950401334536e-65,6.631181674066297e-65
HOXA5,0.42475382353939994,8.38724325582281e-65,2.1681309096684817e-64
BARX2,0.43445162268751825,1.0003065191349314e-64,2.5770608628560945e-64
ZIC2,0.1160758598544655,3.2657131069829744e-64,8.3849390584698e-64
MSX2,-0.3207919303783484,1.6662244361232262e-63,4.263739297823744e-63
TBX15,-0.34085301688570374,3.445732193152236e-63,8.787773378509058e-63
GLI1,0.3540038121811989,5.501073181676183e-63,1.398266093001304e-62
SMAD5,-0.4716461498942017,8.85500958141401e-63,2.243269093958216e-62
NRF1,-0.38090536023935084,8.930935492388673e-63,2.2549870346230536e-62
NR0B2,-0.29554974249738686,2.153542221455913e-62,5.419510226180444e-62
NR2E1,-0.31275623283076415,2.169933427611629e-62,5.442737310180984e-62
CEBPB,-0.5374688072136413,8.118633653318336e-62,2.029658413329584e-61
SOX17,-0.33261674332166613,1.7083734023591764e-61,4.256930445222866e-61
TCF7L2,-0.3886022199018718,5.498214360003329e-61,1.36556957960867e-60
TCF4,-0.4680789727742307,2.078018969852108e-60,5.144281488884698e-60
RFX1,0.4195943031158662,1.6955027608845264e-59,4.183708111273507e-59
SMARCA1,-0.3658644686638165,2.0433375780694305e-59,5.0256846580348455e-59
YBX3,-0.40571381743932067,2.681585847104629e-59,6.574210463869413e-59
ESR2,-0.4456663775084877,6.587207453835747e-59,1.609735583574009e-58
TFE3,-0.45673815286915576,8.968635552933546e-59,2.1846676346889404e-58
MLXIP,0.4628792350014024,1.1118022692076733e-58,2.6995837846576092e-58
ATF2,-0.6514357366934798,2.345823812646064e-58,5.677790119780282e-58
HLF,0.2902008766818166,4.173560224196401e-58,1.0069542128219887e-57
MEF2C,0.29457229594429835,1.14944630487129e-57,2.7644911129815837e-57
TEAD1,-0.330963523463518,1.636368333511613e-57,3.923154364254971e-57
PHF20,0.29491580030557474,1.9094146676090127e-57,4.5633809666127344e-57
ELK3,-0.3404431466971828,2.7724872271390544e-57,6.605298722964519e-57
ARID1B,-0.2281951911741934,3.556467369738029e-57,8.446610003127819e-57
DEAF1,0.2577114375005378,5.401187716185978e-57,1.2787858767293905e-56
KLF15,-0.30351684087950015,5.207686289032893e-56,1.2291433477220493e-55
E2F4,-0.5130014278349111,8.369096008924243e-55,1.9691990609233512e-54
FOXI1,-0.5141541623949206,8.488700770587636e-55,1.991176723965001e-54
PAX6,0.28026374986512037,1.752040415090806e-54,4.097079124520039e-54
TFAM,-0.35084365615078283,1.451909981056227e-53,3.3848208147323085e-53
ID2,-0.31368416245005803,2.8082930797602024e-53,6.526919696078758e-53
NAB2,-0.4691857190461066,8.143013727522554e-53,1.8867958636942504e-52
GATA3,-0.33446249491533053,2.3077920908402624e-52,5.3310698754972626e-52
PAWR,-0.42083920839113476,4.7594518295534586e-52,1.0961161789274632e-51
STAT5A,0.3572777512042786,6.100281167872421e-52,1.400668787789438e-51
GFI1B,0.23663523760519745,1.8477958328253143e-51,4.2298940751422854e-51
NR1D1,-0.3008002504185542,7.081557005511432e-51,1.6162112084650716e-50
SPIC,-0.16182207118209735,9.272300736896869e-51,2.1098648383358145e-50
ARX,0.3175337792234143,1.5320263720139726e-50,3.4756419185988634e-50
PA2G4,-0.2227249634751154,2.353955922930873e-50,5.32442411139126e-50
PAX8,-0.24613629100236312,2.487480089124291e-50,5.609747382001368e-50
NFYA,-0.4224969034775765,1.8212522360691294e-49,4.095123371043013e-49
BRCA1,-0.45072018525107693,4.284974029089774e-49,9.606431451646692e-49
ZIC1,-0.4695004411843038,4.409290877057958e-49,9.856061960482494e-49
PHOX2A,0.17920392704861143,6.666527983671123e-49,1.485795093134913e-48
HOXA10,-0.26321904032037663,7.43394807141391e-49,1.6519884603142022e-48
KDM2A,-0.2693769936199118,9.95136344191106e-49,2.2049668267791268e-48
FOXC1,0.3088206712729892,1.3485748289798085e-48,2.9794095058856234e-48
STAT1,-0.5740107397916727,1.7440097649424328e-48,3.8418765836413014e-48
MYF6,0.29322347678402794,7.084089825616201e-48,1.5560428518694544e-47
ESRRA,-0.31968525520647373,7.557573461442268e-48,1.6552610463101222e-47
HOXC6,-0.2137387827584878,8.699157133262962e-48,1.8998159256551298e-47
TEAD4,-0.34760474124111906,1.0424228430026133e-47,2.270032552097381e-47
IRF6,-0.32234779246639955,4.440591735891084e-47,9.642427769363497e-47
ENO1,-0.44502590461518743,4.483017515759243e-47,9.706818552641096e-47
YBX1,-0.4005746392073565,5.204030871489179e-47,1.1235975745260726e-46
HTATIP2,0.3939987400718785,7.415046348510545e-47,1.5964405736170013e-46
ELK4,0.6366566413016308,7.658686672415001e-47,1.644237816676667e-46
ASCL2,0.28056166977909514,8.884701231000296e-47,1.9020768832564014e-46
DAXX,0.3901230345481381,9.170253123161225e-47,1.957694486967003e-46
FOXF1,-0.1417137353022533,9.264978976889427e-47,1.972376476872819e-46
E2F6,0.22943406116903514,2.224318955205328e-46,4.722017893731981e-46
MEOX1,-0.19443486835764548,5.333871432730495e-46,1.129176125034868e-45
NPM1,-0.32707923706633135,1.3924743606040602e-45,2.939668094608572e-45
SOX11,0.17984672430646031,1.895224136583176e-45,3.989945550701424e-45
ZNF384,0.28516340980055543,5.2208632886510123e-45,1.0960928451311518e-44
KCNIP3,-0.1409448738409177,1.5495953277341786e-44,3.2443318156418063e-44
ZBTB33,-0.330537690680066,2.886551156258706e-44,6.026865051529167e-44
ZGPAT,-0.22060151740365963,5.29413306811477e-44,1.1023400361006097e-43
PGR,-0.43066335161842195,9.498680931097075e-44,1.972403690610322e-43
NR4A3,-0.228877999638046,1.0329049117659944e-43,2.1389856483437488e-43
KLF9,0.3434431534505582,1.4831052166463597e-43,3.0629346865522647e-43
ATF5,-0.3987526576063818,1.869610547499616e-43,3.850688390514114e-43
POU2F3,-0.24510149331111453,5.1895434197438555e-43,1.0659602700014405e-42
SIX4,-0.4099101202092488,7.33769346579222e-43,1.5031393622647135e-42
BCOR,0.016974500136610726,8.418285560931945e-43,1.7198647920183542e-42
KLF5,0.2955545834424045,1.5850884010256926e-42,3.229670736674333e-42
EWSR1,-0.24753094002877324,1.6466839442756397e-42,3.346202667511995e-42
ZFX,0.32707868011257446,1.939842293098782e-42,3.931413714013532e-42
POU3F2,0.21346266993352597,2.147154924013059e-42,4.339993995345545e-42
DLX4,-0.24372611666697663,2.6425490103056307e-42,5.3271545035338975e-42
HMGA2,0.34220337648139587,2.9621319885371825e-42,5.955609289122378e-42
CDX1,-0.2206550807518844,3.105428501017591e-42,6.227244487528678e-42
NFATC1,-0.3578918354130711,5.121623023361608e-42,1.0243246046723216e-41
DMTF1,-0.5069912646605355,6.613983404496359e-42,1.3193247736003238e-41
ZHX2,0.14478137512908945,1.811762763034625e-41,3.6045541882364266e-41
MECOM,0.25993059860274426,4.0010621989902694e-41,7.93944457240889e-41
PITX2,-0.2290642998793897,4.0447782227267086e-41,8.005290232479944e-41
IRF2,-0.32149846856393627,4.763468476845408e-41,9.40321049974678e-41
POU4F3,-0.214782093929533,5.59158269390245e-41,1.1009333801465963e-40
SUPT20H,0.08881650668334284,5.616036610385027e-41,1.1028909105665686e-40
SALL3,-0.21591685168916103,5.772200953989148e-41,1.1306373002659155e-40
NKX3-2,0.07104381697643253,6.78044826227005e-41,1.3247148275900356e-40
AHRR,0.14135050129219434,8.136969426445123e-41,1.5856658369482803e-40
TBX3,0.20203991939727817,8.2183673283722e-41,1.5974320126759265e-40
RARG,0.316827663047305,1.0567382106041404e-40,2.0487781634161902e-40
HSF2,-0.6913189744029848,1.4515142568482412e-40,2.8069995806734434e-40
HOXD13,0.20866158762572506,5.7879604709589046e-40,1.1164593801849665e-39
SP3,0.2904069175008692,7.374849380332991e-40,1.4189583617855881e-39
BTG2,-0.3721892803801905,1.564693801221957e-39,3.002947699314867e-39
ZNF436,-0.23143673205973905,5.254274925340985e-39,1.0058561569922289e-38
PEG3,-0.20059826643265966,2.931700552713531e-38,5.598222160960511e-38
NKX6-3,0.26981706664295835,3.154561725384121e-38,6.008689000731659e-38
KLF12,-0.1766725241580787,5.624525502528008e-38,1.0686598454803216e-37
MESP2,0.029908553554694406,1.036639005284809e-37,1.9647023541557475e-37
PBRM1,-0.3298127286657673,2.1640965601214814e-37,4.091326830080413e-37
HAND1,0.10636024196120075,3.054111052133399e-37,5.759613894842142e-37
SP4,-0.3046670633498971,7.740365554929198e-37,1.456108371719354e-36
HOXB3,0.15955463545011278,1.1068006947423725e-36,2.0769593284054394e-36
IRF4,0.2439998829400533,1.7926968990623963e-36,3.355787298737491e-36
NOTO,0.18422015749174725,4.108502047122074e-36,7.671895714527705e-36
FOXH1,0.16889498939908681,1.2844438862127373e-35,2.3925915527492167e-35
NSD2,-0.3133777989453641,3.392913916100309e-35,6.304681115492017e-35
HOXB4,0.151987732391469,1.6586388665694852e-34,3.074550094128802e-34
ATOH7,0.056027852001746536,1.7915562975516593e-34,3.31285349425611e-34
AIP,-0.32288188255938977,2.131540061279274e-34,3.9319671033307e-34
NFKBIZ,-0.2674524393775779,3.918307925053359e-34,7.210445576369378e-34
NEUROG3,0.17253036782292286,1.630359830396745e-33,2.992931089617213e-33
BCL11B,-0.2360859751627918,2.237829693440341e-33,4.098194137384721e-33
HINFP,-0.28851489523501583,3.04527932315033e-33,5.5634910711400254e-33
NR6A1,0.1455345455569731,3.288494296697001e-33,5.993418862085661e-33
E2F1,-0.365337376402342,3.589292586884013e-33,6.525986521607295e-33
HOXD1,0.21292838104391887,6.510926954053775e-33,1.1809795907114246e-32
FEZF2,0.22328862254700121,7.899378711570317e-33,1.4294113859032e-32
HDAC4,-0.26157790440005435,1.2496266643747296e-32,2.2558581114603193e-32
ONECUT1,-0.18478429241274003,1.7507528843611242e-32,3.1530146732570015e-32
E2F2,-0.27172844527466067,4.386979476954753e-32,7.882043504694118e-32
PRRX1,-0.1981273027858832,4.4295834196792177e-32,7.939819337160862e-32
NR3C1,-0.3379838071851502,6.442774176774353e-32,1.1521196174937667e-31
FOXM1,-0.24878666388180545,1.2017236647670331e-31,2.1388992628172015e-31
HOXA1,-0.26834369698952387,1.2010686238672967e-31,2.1388992628172015e-31
ZXDC,0.19938693885901138,2.8457415535335706e-31,5.053185936181107e-31
PLAG1,0.2936615972250911,3.8007578366244793e-31,6.733277286327749e-31
SHOX2,0.04612767882560975,4.173331687450444e-31,7.376121122005436e-31
RARA,-0.25059807693828606,7.198167930256457e-31,1.2692825120637834e-30
HOXB1,-0.2399881575021628,1.3435561756196538e-30,2.3636636422938355e-30
MKX,0.130731583584132,2.159792153995383e-30,3.790859207936468e-30
ZBTB16,0.19797663168156535,9.38072329482266e-30,1.6427073050841525e-29
ZBED1,-0.3356716112562568,1.3110275231184973e-29,2.2905308449886392e-29
MAFA,0.2269377194568358,1.4584290251997414e-29,2.5422157319995493e-29
FOXD1,-0.29242328955531144,8.800067225395998e-29,1.5304464739819128e-28
WWTR1,-0.18916702544617217,3.133879352126505e-28,5.437781524237772e-28
NR1I3,-0.20095923736312837,4.331817534476875e-28,7.499274091577279e-28
EHF,-0.1690889549812197,9.15596241093833e-28,1.5814844164348024e-27
CEBPA,-0.20687240567199117,1.3837922038285962e-27,2.3847666097726374e-27
PRDM16,0.12043242885193883,1.5050762078782856e-27,2.587913841600672e-27
KAT2B,-0.21474877966365974,3.2007200805394162e-27,5.491077339074394e-27
KAT6B,0.1670179366303752,4.396357834915726e-27,7.525297194900792e-27
NCOA6,0.31330937653666746,1.6600932183612608e-26,2.8352153841675467e-26
NR4A1,0.17465152901644287,3.502165085891983e-26,5.967814944569298e-26
GLIS3,0.058429958048912475,3.83666910085366e-26,6.523195786686312e-26
POU2F1,-0.18731176980370193,5.411924256409607e-26,9.180942934980583e-26
ZNF24,-0.26164698885852045,5.460596055689261e-26,9.242879737915007e-26
ZNF160,0.11363459605772208,6.826868040946345e-26,1.152982158026494e-25
SOX5,0.1604020000584352,1.097804584699127e-25,1.84995894539099e-25
TBP,-0.27253867784802743,1.8024235675313374e-25,3.030623697619063e-25
FEZF1,0.08543689596149245,3.410574947373775e-25,5.7219358940487175e-25
EGR2,-0.27330778415085955,7.129060808548259e-25,1.1934110604618231e-24
NEUROD6,-0.21514009901071907,1.6635433942979153e-24,2.7786658893767374e-24
MAFG,-0.177920617736556,2.789266509815067e-24,4.648777516358445e-24
CRX,0.1436312349283615,4.732110496628423e-24,7.86959294844114e-24
STAT6,-0.28982320552306406,5.045940436535125e-24,8.373176270232958e-24
EN1,-0.19000859951676335,1.5377121778172837e-23,2.5461029523772015e-23
RCOR2,-0.24928269979006124,2.0343882515971733e-23,3.361163198290982e-23
ETV1,-0.15209579960298908,2.1500826860632048e-23,3.544604862056476e-23
HOXA13,0.05161266152876248,2.2674312357469954e-23,3.729973461401984e-23
NFIB,-0.22972142814561713,3.5867454374511166e-23,5.887530307695138e-23
TBX6,-0.11442836853881033,4.794121686670279e-23,7.852440693684077e-23
LHX4,0.04894175272287027,5.594004332934302e-23,9.142888802215203e-23
FGF2,0.25682658180431095,1.0393911904969886e-22,1.6951444308534577e-22
NR3C2,-0.22815659058930005,1.0612384376336052e-22,1.7270689777334904e-22
HIVEP1,-0.26641834018820143,1.7856544566107606e-22,2.8997807415046538e-22
NFE2L1,-0.2154206017189463,1.9340085601011374e-22,3.1340010782022695e-22
ETS1,-0.3468243133918083,3.4627603578385687e-22,5.59935717437726e-22
CIITA,-0.32906271556457867,4.170391127960021e-22,6.729293539808102e-22
ESRRG,-0.2527039645457161,4.254877604706501e-22,6.85107410927318e-22
RXRG,-0.11007922964991969,7.804669598347467e-22,1.2540272504744345e-21
ETS2,-0.27284700103178894,9.218172222369085e-22,1.4780191748946211e-21
STAT4,0.18873699825817555,1.5540931309969716e-21,2.4865490095951547e-21
PLAGL2,0.15776779319090134,3.947323909153443e-21,6.3024499389844885e-21
PKNOX1,0.1403954988204027,4.0378317627922325e-21,6.4334426409268274e-21
TBXT,0.1807958761047319,6.0602922602318095e-21,9.63561112505476e-21
MYCN,-0.17270563628950392,8.080794135299096e-21,1.2821301759555977e-20
LHX3,0.14523652382785388,1.0154524019681109e-20,1.607799636449509e-20
ETV2,0.09839340617478154,1.3075778411485754e-20,2.0660273581557532e-20
POU2AF1,-0.2179591414958152,2.802599119653097e-20,4.4190359562994896e-20
SOX6,0.1593857028114129,3.2814491223643734e-20,5.16335679709508e-20
ZBTB7A,-0.20354389374011128,3.531912307331376e-20,5.545978003247615e-20
LYL1,0.18755316976831143,4.599364236676109e-20,7.207251174997614e-20
NR2F1,0.13540173831769886,7.508319746435774e-20,1.1741405364796683e-19
ELF1,-0.17229975453058072,8.532260978635251e-20,1.3315232738732628e-19
MED1,0.14310148605803164,1.1266378498467562e-19,1.7545999300892106e-19
HOXD3,0.14338622292901215,1.3418459142275027e-19,2.0854864924599226e-19
ZNF143,0.15813989520561034,1.7435509506877714e-19,2.7042831071891965e-19
ZNF331,-0.18915482253630866,1.7531545349074614e-19,2.713640420630694e-19
STOX1,-0.0013285802995078866,3.2617074460456473e-19,5.0384098760054715e-19
SMAD2,-0.21512286970077277,4.757752578517869e-19,7.334466449642151e-19
MAFB,0.1350337560814311,1.1110538009402552e-18,1.709313539908085e-18
ZKSCAN7,-0.1850574055625912,1.251858823667162e-18,1.9220458706808953e-18
BCL6,0.17411051873979783,1.9827375062503853e-18,3.0380655337707516e-18
MZF1,-0.10481160367815961,3.2216868512920817e-18,4.926523152881252e-18
HCFC1,-0.1797199894834347,3.638124423399338e-18,5.552157754585334e-18
ID4,-0.1717113301966246,3.655343716548875e-18,5.5672569630804505e-18
CREB3L3,-0.1455438243673876,3.7539411623743144e-18,5.705990566808958e-18
MTF2,-0.062100350128295304,5.894737257744773e-18,8.942116398974106e-18
PPARGC1A,0.16950480292885173,5.929176600244542e-18,8.976442661724804e-18
SRF,0.3021901420852542,7.654433007084021e-18,1.1565346094202497e-17
SATB2,0.17644887567171186,1.1677108673501119e-17,1.7608338475914387e-17
MYOD1,0.16087083541033564,1.3436852681822726e-17,2.022179809541638e-17
KLF7,-0.10489988977555806,1.5530819954030628e-17,2.3326923251113197e-17
NKX6-1,-0.1546269998849099,2.4461108775098982e-17,3.6667539781213464e-17
PREB,0.08484814276750186,3.556499061670823e-17,5.3207466276965065e-17
KDM5D,-0.18350782109753677,6.391191139058553e-17,9.542839421777013e-17
SRY,-0.16882923897065294,6.452598043696392e-17,9.615636300410309e-17
HNF4G,0.05243065431181104,1.1253431475823702e-16,1.6737001803573412e-16
IKZF3,0.03659953848890546,1.3546823915718585e-16,2.0108566749894775e-16
NOTCH1,-0.18081535533045057,2.4618085908185454e-16,3.6471238382496967e-16
ZNF354C,0.19743754580633038,2.8476786631662274e-16,4.210575455265239e-16
IKZF4,0.1334847785630851,3.351811456471157e-16,4.946362537705008e-16
FOXN4,-0.152437677100228,7.362761222359069e-16,1.0844376994172272e-15
SMAD4,0.1775368407002922,9.6017719861042e-16,1.411479054050134e-15
CTCFL,0.1628891929275339,1.0665217190003656e-15,1.564780900463857e-15
TBX21,0.11579062583517319,1.305073938769273e-15,1.911090931531113e-15
LHX8,-0.2032908145530321,1.52419488994078e-15,2.227669454528832e-15
ATF6,-0.37668265051697514,1.6917838947630983e-15,2.4678613436083586e-15
HNF1B,-0.15450753660847202,2.759589836771149e-15,4.0177936320806e-15
UBTF,-0.12873119079947173,3.699184876409096e-15,5.375488539332529e-15
FOXL2,-0.17599516329911014,3.8539813971669844e-15,5.5897440111582214e-15
RORC,-0.16384730810538217,4.1577325021457476e-15,6.018812765010987e-15
HOXB13,-0.18571262407429853,5.167538066352865e-15,7.466404810699957e-15
ZNF236,-0.09850453543615378,6.062180258882711e-15,8.742423143739773e-15
MLXIPL,0.1300745403767053,6.870607475701307e-15,9.889510760479153e-15
HOXD4,-0.11007463272417603,8.847078105293895e-15,1.2710357958456256e-14
NR0B1,0.11692053921583659,1.2962782174266998e-14,1.8588140476307396e-14
HEY1,-0.1583703305911474,1.0638273570259249e-13,1.5226154262517947e-13
STAT5B,-0.25433510599751497,3.7851174392920155e-13,5.407310627560023e-13
SON,0.05788084807584282,5.03337913951095e-13,7.17705093063475e-13
ZNF382,0.32790427341195194,7.225254710336682e-13,1.028313404467393e-12
DACH1,0.20774808252095323,1.5736951192593509e-12,2.235529515209545e-12
EGR3,-0.11340283890109068,2.3035861339107556e-12,3.2662788465898775e-12
SOX7,0.02886931544895588,3.03693513472005e-12,4.298083244668972e-12
PPARA,-0.16322707228269173,3.655648113484505e-12,5.1641125766695604e-12
HOXB7,-0.12118592564054664,4.657528009368239e-12,6.567200903747424e-12
RXRB,-0.1554296673591281,4.731032152241464e-12,6.658489695747246e-12
SPDEF,-0.16708727357133668,5.418632517320387e-12,7.61212701139278e-12
VSX2,0.09273772787251827,6.037864563710442e-12,8.466378355018333e-12
MAF,-0.09053228412422698,7.292191010452328e-12,1.0206381524758323e-11
EGR4,-0.08279315214319216,1.2219738278394818e-11,1.7071693183051584e-11
TAF1,-0.24005292383414512,1.4070765598559824e-11,1.9621618082395354e-11
GTF2I,0.1405348313318031,1.4775315345909467e-11,2.0566373008958233e-11
ZNF219,0.074761491582642,1.5206173775099702e-11,2.1127407804526095e-11
XBP1,-0.2750768286359544,1.8734365239225705e-11,2.5981966390167034e-11
POU2F2,0.1172262659535082,3.7948881635240895e-11,5.2533970934031115e-11
SMARCA4,-0.19067384755816663,4.3349585946883855e-11,5.990124603569405e-11
SATB1,0.17826734332248978,5.5719196094165934e-11,7.685406357815992e-11
FOXP1,0.08528865546878567,1.126835995224386e-10,1.5514408629900965e-10
GBX2,-0.17271846783443845,2.906204736987941e-10,3.994060759694096e-10
NCOR1,-0.09061153607724412,3.252708876564156e-10,4.462199902867795e-10
KMT2A,-0.1902878510651802,3.607799924714809e-10,4.940410707717576e-10
NR1D2,0.002142331127359287,4.355864672158862e-10,5.954059623814271e-10
CREM,0.15795870961519531,4.440112557972366e-10,6.058322341219027e-10
TFDP1,-0.15713613255137618,4.575416313499223e-10,6.231749817669193e-10
NPAS2,-0.08870149613233755,5.062591183816875e-10,6.882950446691995e-10
PATZ1,0.12591919872920204,5.168059890535557e-10,7.013795565726827e-10
ZBTB32,0.043470976434512754,5.725383292845662e-10,7.756312482286458e-10
NFE2,0.06051607842217077,1.250546304490369e-09,1.6911302338303923e-09
NFAT5,-0.20761226723340842,1.8209734329231109e-09,2.458152413892654e-09
PROP1,-0.09811123980433156,2.1162837881600746e-09,2.851729927307902e-09
HDAC3,-0.1241769706731024,2.7299855621531946e-09,3.672192968560049e-09
NEUROD2,0.10121116468636643,6.1561219905254094e-09,8.266170870670162e-09
JARID2,0.09138225022067026,7.694071675834152e-09,1.0313041399707153e-08
PPARGC1B,0.08897431131224068,1.0496896529487035e-08,1.4045143243679835e-08
GATA5,-0.10977648828959213,2.499438625493298e-08,3.338441749340785e-08
EMX2,0.038421860523220275,2.5188954981477296e-08,3.3585273308636396e-08
NFYB,0.197475500084495,3.3035610174394714e-08,4.397033928640978e-08
PTF1A,0.05495599402520707,4.183563831699415e-08,5.558581314845376e-08
SOX18,0.02791981123791276,4.9437005001826997e-08,6.557089668654191e-08
PAX4,-0.04664409190799457,7.25326579522248e-08,9.603627185311994e-08
PDX1,0.08701715811724897,7.924598255407327e-08,1.0474251607147077e-07
ZNF410,0.07755798851719925,8.1269956193863e-08,1.072311922002359e-07
TCF12,-0.13552626344401641,8.476799436823843e-08,1.1165281753875426e-07
HOXD10,0.1190695729445784,1.018957849365043e-07,1.3398061687152813e-07
TRIM28,-0.12477704326376515,1.4520302420776486e-07,1.905946431742682e-07
RORA,-0.07940734953549297,1.4600585477812294e-07,1.9131801660581625e-07
ARID3B,0.11601905593663911,1.6458556469086998e-07,2.1529264916533767e-07
SOX3,0.09721480562091,1.8516459841261881e-07,2.417956955216328e-07
MECP2,-0.07713523513999043,1.9288129616122884e-07,2.5144045468702216e-07
FEV,-0.09763325374821974,2.00399264072748e-07,2.607935628343981e-07
THRA,0.06979369391182466,2.2393545409962844e-07,2.909246925055002e-07
NFATC4,0.10240004458538471,2.856818316290531e-07,3.70508860133243e-07
ZNF76,0.14925653822185414,3.0093490378327475e-07,3.8962611052008315e-07
NR1H4,0.0986899046124711,3.949477198974141e-07,5.104766447653652e-07
SREBF1,-0.11917642748840973,4.557500518519478e-07,5.880645830347713e-07
ZNF395,0.04705596346484375,7.141469524707817e-07,9.199181082674476e-07
HOXC8,-0.07251453564815134,7.462621634208643e-07,9.596603116748847e-07
EZH2,0.08241490618177827,1.347385979376684e-06,1.729752270821419e-06
SMARCB1,0.12149055649852547,1.4554922427921095e-06,1.8653863482664471e-06
SMARCC1,0.11536204195555642,1.5606226618896373e-06,1.996756267737583e-06
HIVEP2,0.11864109136264789,1.5941414916765364e-06,2.0362143423095256e-06
ETV6,0.056227603088194016,1.759065117094853e-06,2.2431031694498127e-06
TADA2A,-0.06314081381780343,2.5518453657408146e-06,3.2485803650971843e-06
NCOA2,-0.09641876276747309,2.61232577347102e-06,3.3200126886922663e-06
BHLHE40,-0.07160150294912526,3.1087100587781144e-06,3.944273196446355e-06
E2F5,-0.16262128929800856,3.87638200197358e-06,4.910083869166534e-06
HLX,-0.09460501864822968,5.649360555478216e-06,7.143950120072287e-06
SMAD6,0.07882835705419466,6.322716166670158e-06,7.982166589151695e-06
LEF1,0.12828255045725712,1.300770103487185e-05,1.639444906551013e-05
EOMES,-0.025223820625042248,1.4169559150250397e-05,1.782924661289785e-05
NR5A2,0.058365304685449815,1.7318005513219675e-05,2.1754849900904054e-05
GSC,0.0676164194731082,1.774478752595359e-05,2.2254188976443446e-05
NR1H3,-0.09079874269079757,1.9435384725413073e-05,2.433425435142329e-05
MSC,-0.019566280070338227,1.9709723082143576e-05,2.463715385267947e-05
DBP,0.06463806033226777,2.1699194640167922e-05,2.707945472336227e-05
TRERF1,-0.06978343590474012,2.51168120419098e-05,3.1293077298117126e-05
SOX2,0.08346073429098921,2.6752338446559865e-05,3.32762311282905e-05
DNMT3B,-0.0752104101850295,2.720507064908908e-05,3.3784074662267485e-05
SP2,0.06115896520289743,3.1307148200391565e-05,3.881473512609721e-05
SIN3A,0.0697421124632294,4.609258012652446e-05,5.705270504260357e-05
KLF10,0.07968261915973496,5.2470784729050415e-05,6.48419453562249e-05
ZMYND8,0.07376433353776114,6.981667750449825e-05,8.613745925879654e-05
STAT2,-0.22322526528776399,7.525477408900857e-05,9.269631816474314e-05
SMAD1,-0.17878992099432667,9.710130572218965e-05,0.00011941260897874455
GLI3,-0.08688346214458309,0.00010128101489562931,0.00012435148840174196
ETV5,-0.03107125208219924,0.00011487113479648676,0.00014080977813762894
FOXO6,0.06343877268481024,0.00013215738992964268,0.00016173851263531148
EBF1,-0.03750968727349058,0.0001353874884378829,0.00016542522703021063
GABPA,-0.04866223710201445,0.00015190785739607605,0.00018531295605299806
OLIG2,-0.05493516655722,0.00019668439223047415,0.00023955150335762878
DLX3,0.05550090688022152,0.00022398215526566774,0.000272362300803052
FOXC2,0.05685158355635156,0.0002340263613725799,0.00028412146109131105
ASXL1,-0.11090967532628437,0.00023998639625374924,0.0002908926015196961
ZNF423,0.02363644684291133,0.0002672725494527781,0.000323450856025655
CTCF,0.03592827648067032,0.0002699575370482098,0.0003261808078801899
POU4F1,0.04366529492915672,0.00027916463910893525,0.0003367700408298266
ZBTB4,-0.11207484898050524,0.0003333568679818078,0.0004015074796611314
PHOX2B,0.09143008626849955,0.00036162523384449094,0.0004348657875345144
TBX5,0.0806255434346752,0.00040002665427753346,0.0004802847665891397
HIVEP3,0.00850272208708075,0.0005474926719086652,0.0006563003638021854
ELF2,0.07786633005994603,0.0005893478222225849,0.0007053611730538024
NRG1,0.03172442590861091,0.0005952106152524187,0.0007112579679116952
HBP1,0.03206349316653068,0.000668050157667339,0.0007970457140144076
KLF2,0.06119796148374018,0.0009213148208097344,0.0010974910091150441
ID1,-0.04390776098496274,0.0009380004319507064,0.0011156186671088214
HEYL,-0.1073365833467288,0.001033036076317564,0.0012248165647446936
LRRFIP1,0.07974321956753946,0.0010316139835076284,0.0012248165647446936
TBX2,0.06048244181265083,0.0011236973529609338,0.0013302336265581147
HOXC13,-0.08297434617882285,0.0011446778885425555,0.001352962978681714
TFAP2D,-0.05449587945361822,0.0012167305151030458,0.001435893154469433
NKX2-2,0.06368563568018559,0.0013109944495433394,0.0015447376459735472
KMT2B,0.041035427921270684,0.0016872956089195696,0.001985053657552435
SIX3,-0.024676834131408185,0.0016929520006795896,0.0019886298616947264
HNF4A,0.05954362537898983,0.0017210623603638123,0.0020185299288217554
CHD4,-0.04714098339538453,0.0017550075712411447,0.002055170653533544
E2F7,0.05012038346885776,0.001820519133228184,0.002128606986543723
PAX3,0.06291709699853354,0.0019257744320460583,0.0022482159268126024
RARB,-0.07385291631073154,0.0020123414944769372,0.0023456741346663686
SMAD9,-0.12614917942083625,0.002066302190529131,0.0024048846321625414
ZNF362,0.06334710284809175,0.002570346059825439,0.002986946491540266
FOXO3,-0.028786973349690825,0.002879016674513053,0.0033405384314960616
MYT1,-0.03477430916648798,0.002929053700535507,0.0033934158725716238
NFIA,0.08178428944719418,0.0038570758532870683,0.004461762022067233
MYF5,-0.03271784535248773,0.0040241347252529015,0.004647936764729795
MYBL1,-0.05187277614992991,0.004587999287967018,0.005291167615864846
SIRT1,0.03855821853590877,0.004622651024931118,0.005323052695375227
BATF,0.06971331301487926,0.00501630857381141,0.005767616514518415
SSRP1,-0.10557931086499028,0.006259395495778707,0.007186012955878878
NFYC,0.0869489327583115,0.006998759872808285,0.008022711166416736
NEUROG1,-0.030043135609079064,0.007159806307165513,0.00819495902627378
PROX1,0.043236262148065446,0.0074467805668495665,0.00851060636211379
YY1,0.025984166938941566,0.007661617586333924,0.00874298703545613
TGIF1,-0.08102096244643386,0.007828307816020228,0.00891981100476068
NR2F6,0.01756391496096913,0.008012487479817629,0.009116003719552991
CREB3,0.04548218568390583,0.009219759430264483,0.010473867215248142
NR2F2,0.07009557924331189,0.009691997023090013,0.010993907070967777
NR2C1,0.0394499355746013,0.01057977887477702,0.011983058039985894
CTBP2,-0.04058272489217385,0.011921389061405673,0.013482523343256416
PURA,0.0470277148791865,0.012085936800528161,0.013648309016941163
FOXG1,0.039230895774522295,0.01532516838815919,0.017280605304155764
TFDP2,0.00019332048437836757,0.015526605789505661,0.017481808000036004
SF1,-0.018340800194114083,0.016000439246751576,0.017988659508182243
TFCP2,0.05966406165055904,0.017179661438016438,0.01928588285508492
SPI1,0.10492201198020301,0.017939437630423702,0.020109104128498544
RREB1,-0.06803565844456455,0.01800949633607086,0.02015790458823837
ELF3,-0.06217711165877193,0.01823566100198303,0.020381032884569265
CREB5,-0.026660727891497815,0.020300373439502317,0.022655335997095096
FOXF2,-0.10481889020060775,0.02090410060532586,0.02329489217015785
RFX3,-0.00044315851402770834,0.02139117201536389,0.02380276827478266
HOXB5,0.021123080117071646,0.021939352722102446,0.02437705858011383
ESR1,-0.022410318078278202,0.02248988345701224,0.024952279455955188
ZNF335,-0.014928791825746274,0.022816863127906623,0.02527815740117935
NR1H2,0.034913488620505084,0.029972846339461092,0.033157733941761906
TFAP2B,0.05998449771746672,0.030408159181927578,0.03359040839864093
ELF5,-0.06529102000914333,0.0307156710524741,0.03388085631332412
ZNF148,-0.058365915467095464,0.031264599040428484,0.034436369957573404
BACH2,0.011336347118322099,0.04202273687223752,0.046218929121418985
TBR1,-0.012258797199650784,0.04229619600003952,0.04645246959541912
ZBTB14,-0.06452752231685832,0.044693756230718154,0.04901479759790158
CTNNB1,-0.06001162560229201,0.04511354542596883,0.04940388259904368
LMX1B,0.01197779303494273,0.05555257881350674,0.060748143738510965
TEAD2,-0.02299745521492029,0.056130051736550904,0.061291435804279724
BCLAF1,-0.0016807315149284796,0.06222330258385816,0.06784750353476643
DLX2,-0.02909160407781175,0.06401500063954044,0.06970114682815291
NEUROG2,0.04284421909584779,0.06661258903790848,0.0724257048194713
NR4A2,-0.02774774302164451,0.07045249382816185,0.07649127901343286
ETV4,0.07095074379457378,0.07205953801163105,0.0781244634648211
ZFHX3,0.01865133019866616,0.07647427125259651,0.08279265833614437
FOSB,0.009142263034187414,0.08593986352662336,0.09290796056932255
NCOR2,0.015357324209548384,0.08911671792601181,0.09620554776103547
MAZ,0.0518157108176992,0.10285150185877011,0.11087537789030535
NHLH1,0.017141657820112233,0.10721978501549252,0.11542073174472282
SIM2,0.017703238158831916,0.11952281164894418,0.12848279611484806
IRF8,-0.005769763189514929,0.13114626792872308,0.14077847969749935
EBF3,0.10133699436383187,0.13351964628493973,0.1429224382768369
TET1,0.009421184883083578,0.1333473157892298,0.1429224382768369
TCF15,0.009443545092034322,0.14952677247854987,0.15983171179141759
HOXB2,-0.015026837987363484,0.15858984718423885,0.16928129755621002
SOX4,0.02101115169122636,0.16113209729680622,0.17175370819855923
TFAP2A,-0.04723889298861561,0.19120904501382985,0.20352783502872643
BHLHE41,0.03699304182357682,0.20364245508677836,0.21645911309923294
MTF1,0.018869953889527613,0.20432753030922457,0.21688397071928864
MEF2A,-0.0007023385422733064,0.2111591919233663,0.22382285336367977
HOXD8,-0.006460881430410681,0.21771917769844973,0.2304548399036515
LMX1A,0.06767598989503254,0.2199890779911885,0.23253365684743152
NEUROD1,0.004344216037739379,0.2224687048285251,0.23482807731899874
SP7,-0.005516188064638383,0.24782846394896907,0.2612338871029355
LMO4,-0.013354516594633825,0.25102596381235054,0.26423785664457955
RUNX2,0.025536554541243706,0.2939310484216645,0.30897316293287
ISL1,0.005029503075908659,0.29881689910792275,0.31367519795859294
FOXP3,0.003319113723638578,0.3022153215542178,0.3168050267326973
LHX1,-0.011615565432101654,0.3147677956954895,0.32950898722943806
PBX1,-0.042213669424528644,0.3221982677542504,0.33682349861517236
THAP11,7.6395463392262e-05,0.35726592631961607,0.3728865573955854
CEBPE,0.010574246113961905,0.35767671097550235,0.3728865573955854
MNT,0.0328558740321343,0.37509289064515294,0.39050766697303596
GFI1,-0.017373090436254623,0.3799276643665278,0.3950000340883189
NKX2-1,0.004992181954887598,0.39310557660548906,0.40814240194012524
TBX20,-0.05115667473327562,0.3936849652240655,0.4081863213782944
USF1,0.013598233732670995,0.39950206927264853,0.41365336872917285
THRB,-0.007438311647757878,0.42825375030589563,0.4428202043979329
TRPS1,-0.019424274012952547,0.4386308688395908,0.45293404934522963
SOX10,0.037351669840845786,0.44102949468646324,0.45479296602674635
TCF7,0.03250993127749191,0.4445202665291954,0.4577715481872473
NR5A1,0.021161921400749156,0.47203834043664405,0.4854521498401211
ZNF263,0.03311246717722864,0.480962400505375,0.49396138430281755
DLX1,0.004765617655130061,0.5571926554709452,0.5714796466368669
RFX5,-0.02242528111851194,0.5646401241290875,0.5783375934475828
FOXA2,0.00557138545701219,0.5938554325517325,0.6074429727312473
CREBZF,-0.022277184929740512,0.6015347305504475,0.6144709613149733
DOT1L,0.013620151029039906,0.6124486169315443,0.6247797971382196
TOX3,-0.031342871463144295,0.6163163928409576,0.6278826522240318
ZFPM1,0.007026991568805284,0.6261536198862655,0.6370505369659462
ARID4A,-0.03253300621497571,0.644434414246406,0.6547729342610543
ABL1,-0.028900789716511444,0.7070791692068505,0.717463509475576
KLF1,-0.016255210075289017,0.7112441438777858,0.7207273991294896
PIN1,0.03584105075806754,0.7423887579318342,0.7502865106757899
HESX1,-0.021893256036565223,0.742130065688428,0.7502865106757899
POU1F1,0.0051440103677512505,0.7533921705642077,0.7603958162401033
FOXO1,0.0047324099515276,0.7690859961799261,0.7752060438948858
E2F3,-0.02374723079796004,0.8164767684632676,0.8218838993802428
GTF2IRD1,0.021963969926180243,0.8210057695976887,0.8253497154685759
HES1,-0.045201575297155516,0.8250293670668934,0.828298968257383
POU3F1,-0.036923642347783,0.8583265805854472,0.8605912945183903
FOXA1,0.0015015021796457861,0.9102589996982061,0.9114582869178348
TBPL2,-0.00650245338184563,0.981466372108196,0.981466372108196
